Rec,Depth_m,Time_s,Cone_MPa,Friction_MPa,Pore2_MPa
1,0.0,275.5,0.0167,,
2,0.02,276.39,0.0201,-0.0039,
3,0.04,277.27,0.0228,0.007,
4,0.06,278.15,0.026,0.0005,0.0091
5,0.08,279.03,0.0261,-0.0001,0.009
6,0.1,279.92,0.0248,0.0003,0.0013
7,0.12,280.63,0.0278,0.0006,0.0015
8,0.14,281.28,0.0311,0.0007,0.0082
9,0.16,282.14,0.0331,0.0007,0.0046
10,0.18,283.02,0.0275,0.0008,0.0013
11,0.2,283.9,0.0293,0.0008,0.0003
12,0.22,284.78,0.0318,0.0013,0.0033
13,0.24,285.66,0.0303,0.0012,-0.0027
14,0.26,286.54,0.0281,0.0012,0.0027
15,0.28,287.42,0.0266,0.0011,0.0028
16,0.3,288.3,0.0366,0.0011,0.006
17,0.32,289.17,0.0386,0.0019,0.0135
18,0.34,290.05,0.0362,0.0021,0.0138
19,0.36,290.92,0.035,0.0023,0.0102
20,0.38,291.79,0.045,0.0035,0.0082
21,0.4,292.66,0.0555,0.0039,0.0128
22,0.42,293.53,0.0811,0.0045,-0.0024
23,0.44,294.4,0.0931,0.0049,-0.0147
24,0.46,295.27,0.0689,0.0049,-0.0307
25,0.48,296.14,0.075,0.0049,-0.0196
26,0.5,297.01,0.0721,0.0047,-0.0373
27,0.52,297.87,0.0514,0.0043,-0.0425
28,0.54,298.74,0.0345,0.0039,-0.0332
29,0.56,299.61,0.0294,0.0035,-0.0076
30,0.58,300.48,0.0324,0.0035,0.0095
31,0.6,301.33,0.0387,0.0041,0.0135
32,0.62,302.2,0.05,0.0044,0.0099
33,0.64,303.08,0.0608,0.0046,0.0119
34,0.66,303.96,0.0633,0.0048,-0.012
35,0.68,304.84,0.0612,0.0055,-0.0296
36,0.7,305.71,0.0597,0.0064,-0.0119
37,0.72,306.6,0.082,0.0067,0.0019
38,0.74,307.5,0.0983,0.0069,-0.0045
39,0.76,308.41,0.1009,0.0064,-0.0321
40,0.78,309.33,0.1002,0.0076,-0.024
41,0.8,310.26,0.0946,0.0079,-0.0366
42,0.82,311.17,0.092,0.0078,-0.0273
43,0.84,312.12,0.0868,0.0075,-0.0223
44,0.86,313.06,0.065,0.0073,-0.027
45,0.88,314.0,0.0749,0.007,-0.0278
46,0.9,314.94,0.0697,0.006,-0.0167
47,0.92,315.88,0.0614,0.0053,-0.0055
48,0.94,316.83,0.0548,0.005,0.0017
49,0.96,317.77,0.0549,0.0048,-0.0004
50,0.98,318.71,0.0573,0.0043,0.0098
51,1.0,319.67,0.0685,0.0036,0.021
52,1.02,320.61,0.0677,0.0035,0.0301
53,1.04,321.55,0.0651,0.0036,0.0365
54,1.06,322.49,0.0625,0.0039,0.0273
55,1.08,323.44,0.0549,0.0039,0.0226
56,1.1,324.38,0.0496,0.004,0.0211
57,1.12,325.32,0.0369,0.0037,0.0143
58,1.14,326.27,0.0327,0.0033,0.0074
59,1.16,327.21,0.0344,0.0033,0.0076
60,1.18,328.15,0.0408,0.0028,0.0129
61,1.2,329.09,0.0422,0.002,0.0217
62,1.22,330.04,0.0451,0.0029,0.0235
63,1.24,330.97,0.0493,0.0039,0.0142
64,1.26,331.91,0.05,0.0046,0.0135
65,1.28,332.85,0.0504,0.0051,-0.0039
66,1.3,333.79,0.0581,0.005,-0.0565
67,1.32,334.73,0.0668,0.0056,-0.0464
68,1.34,335.66,0.0865,0.0062,-0.0272
69,1.36,336.59,0.0918,0.0065,-0.0122
70,1.38,337.53,0.085,0.0071,-0.0133
71,1.4,338.48,0.0801,0.0067,-0.0085
72,1.42,339.43,0.091,0.0061,-0.0015
73,1.44,340.36,0.1016,0.0057,0.0082
74,1.46,341.31,0.1244,0.0051,0.0171
75,1.48,342.26,0.1194,0.0057,0.0285
76,1.5,343.21,0.1155,0.006,0.0299
77,1.52,344.16,0.1156,0.0061,0.0272
78,1.54,345.1,0.1123,0.0065,0.0341
79,1.56,346.05,0.1003,0.0068,0.0414
80,1.58,346.99,0.1085,0.007,0.0415
81,1.6,347.94,0.1143,0.0071,0.0388
82,1.62,348.89,0.1186,0.0074,0.0412
83,1.64,349.83,0.1344,0.0078,0.0452
84,1.66,350.78,0.1299,0.0076,0.0192
85,1.68,351.72,0.1286,0.0066,0.0138
86,1.7,352.67,0.1446,0.0072,0.0223
87,1.72,353.61,0.141,0.0074,0.0271
88,1.74,354.56,0.128,0.0074,0.0261
89,1.76,355.5,0.1217,0.0073,0.0369
90,1.78,356.46,0.1109,0.0069,0.0439
91,1.8,357.41,0.1104,0.0067,0.043
92,1.82,358.36,0.0957,0.0076,0.0271
93,1.84,359.31,0.1068,0.0092,0.0244
94,1.86,360.26,0.1423,0.0092,0.0335
95,1.88,361.21,0.1739,0.0088,0.0252
96,1.9,362.16,0.1916,0.0086,0.0253
97,1.92,363.11,0.1829,0.0089,0.0087
98,1.94,364.05,0.1644,0.0092,0.0153
99,1.96,365.0,0.1655,0.0086,0.0282
100,1.98,365.95,0.1788,0.0076,0.0334
101,2.0,366.9,0.1783,0.0078,0.006
102,2.02,367.85,0.1593,0.0077,0.0082
103,2.04,368.8,0.1309,0.0074,0.0182
104,2.06,369.75,0.1164,0.0071,0.0288
105,2.08,370.69,0.109,0.0067,0.0376
106,2.1,371.63,0.1063,0.0062,0.0467
107,2.12,372.57,0.0949,0.0056,0.0538
108,2.14,373.51,0.0891,0.0045,0.0598
109,2.16,374.45,0.0856,0.0044,0.0658
110,2.18,375.4,0.0931,0.0049,0.0716
111,2.2,376.35,0.1129,0.0051,0.0761
112,2.22,377.29,0.1377,0.0056,0.0793
113,2.24,378.23,0.1486,0.0055,0.0041
114,2.26,379.18,0.1503,0.0057,0.0128
115,2.28,380.12,0.1393,0.0063,0.0263
116,2.3,381.07,0.1351,0.0067,0.0345
117,2.32,382.0,0.1245,0.0069,0.0459
118,2.34,382.94,0.1182,0.0069,0.0562
119,2.36,383.87,0.1168,0.0066,0.0639
120,2.38,384.82,0.1102,0.0063,0.0684
121,2.4,385.76,0.1022,0.0064,0.055
122,2.42,386.7,0.101,0.0064,0.0571
123,2.44,387.65,0.1,0.0063,0.0553
124,2.46,388.6,0.1005,0.0063,0.0486
125,2.48,389.55,0.1056,0.006,0.0514
126,2.5,390.49,0.1037,0.0064,0.0523
127,2.52,391.43,0.0988,0.0066,0.0462
128,2.54,392.37,0.0884,0.0062,0.0417
129,2.56,393.31,0.0955,0.0066,0.0275
130,2.58,394.25,0.1283,0.0072,0.0312
131,2.6,395.2,0.1679,0.0071,0.0496
132,2.62,396.14,0.2001,0.0068,0.0637
133,2.64,397.08,0.2173,0.0066,0.0347
134,2.66,398.01,0.2066,0.0076,0.0312
135,2.68,398.95,0.1887,0.0084,0.0366
136,2.7,399.91,0.1872,0.0091,0.0508
137,2.72,400.86,0.2136,0.0093,0.062
138,2.74,401.81,0.2293,0.0559,
139,2.76,402.75,0.2016,0.0382,
140,2.78,403.7,0.1778,0.0227,
141,2.8,404.66,0.1603,0.0316,
142,2.82,405.61,0.1484,0.0448,
143,2.839,406.5,0.1473,,
1,3.252,242.0,0.1604,,
2,3.272,242.89,0.2245,0.0176,
3,3.292,243.78,0.4003,0.0269,
4,3.312,244.68,0.561,0.0122,0.0267
5,3.332,245.58,0.5037,0.0119,0.0173
6,3.352,246.46,0.3955,0.0115,0.0085
7,3.372,247.36,0.3354,0.0111,0.0094
8,3.392,248.26,0.3135,0.0108,0.023
9,3.412,249.16,0.2732,0.0097,0.0336
10,3.432,250.04,0.2558,0.0089,0.0477
11,3.452,250.94,0.2429,0.0079,0.0569
12,3.472,251.83,0.224,0.0071,0.0599
13,3.492,252.72,0.2047,0.0067,0.0639
14,3.512,253.62,0.1885,0.0065,0.0723
15,3.532,254.52,0.1838,0.0063,0.0805
16,3.552,255.4,0.1809,0.0065,0.088
17,3.572,256.3,0.1821,0.0071,0.0958
18,3.592,257.2,0.1892,0.0062,0.0997
19,3.612,258.09,0.1936,0.0055,0.0966
20,3.632,258.98,0.1966,0.0072,0.0953
21,3.652,259.87,0.2144,0.0085,0.0904
22,3.672,260.76,0.2293,0.0087,0.0922
23,3.692,261.66,0.2575,0.008,0.0749
24,3.712,262.55,0.2741,0.0083,-0.0344
25,3.732,263.45,0.2398,0.0087,-0.0336
26,3.752,264.33,0.211,0.0089,-0.0207
27,3.772,265.23,0.2571,0.0092,0.0021
28,3.792,266.13,0.2817,0.0094,0.0243
29,3.812,267.01,0.2828,0.0094,0.0405
30,3.832,267.91,0.2651,0.0082,0.0506
31,3.852,268.81,0.2514,0.008,0.0573
32,3.872,269.7,0.232,0.0073,0.0628
33,3.892,270.59,0.2108,0.0065,0.0737
34,3.912,271.49,0.2013,0.0064,0.0857
35,3.932,272.37,0.1999,0.0063,0.0952
36,3.952,273.26,0.1974,0.0061,0.103
37,3.972,274.15,0.1837,0.0063,0.1119
38,3.992,275.05,0.1854,0.0063,0.1175
39,4.012,275.93,0.1857,0.0059,0.1205
40,4.032,276.83,0.1856,0.0062,0.1245
41,4.052,277.72,0.1896,0.0061,0.1228
42,4.072,278.61,0.1947,0.0062,0.1193
43,4.092,279.51,0.1897,0.0066,0.1166
44,4.112,280.41,0.1919,0.0069,0.115
45,4.132,281.3,0.1996,0.0071,0.1113
46,4.152,282.2,0.2062,0.0074,0.1088
47,4.172,283.09,0.2111,0.0078,0.0977
48,4.192,284.0,0.2118,0.008,0.0939
49,4.212,284.89,0.2098,0.008,0.1009
50,4.232,285.79,0.2117,0.008,0.0975
51,4.252,286.69,0.2103,0.008,0.0982
52,4.272,287.6,0.2132,0.0081,0.1028
53,4.292,288.5,0.2137,0.008,0.107
54,4.312,289.41,0.2157,0.008,0.1099
55,4.332,290.31,0.2166,0.0079,0.1058
56,4.352,291.21,0.2134,0.0081,0.1029
57,4.372,292.11,0.2105,0.0082,0.1119
58,4.392,293.01,0.2297,0.0084,0.1212
59,4.412,293.93,0.2453,0.0084,0.1278
60,4.432,294.83,0.246,0.0081,0.1061
61,4.452,295.73,0.2426,0.0079,0.0944
62,4.472,296.64,0.234,0.0082,0.0938
63,4.492,297.55,0.2302,0.0085,0.1015
64,4.512,298.45,0.226,0.0086,0.1105
65,4.532,299.37,0.2256,0.0087,0.1189
66,4.552,300.28,0.2243,0.0087,0.119
67,4.572,301.19,0.2278,0.0086,0.1225
68,4.592,302.1,0.2311,0.0087,0.1313
69,4.612,303.02,0.2362,0.0086,0.1394
70,4.632,303.93,0.2457,0.0092,0.1414
71,4.652,304.85,0.2614,0.0096,0.1313
72,4.672,305.75,0.2641,0.0094,0.1204
73,4.692,306.67,0.2604,0.0094,0.1154
74,4.712,307.57,0.2561,0.0099,0.1173
75,4.732,308.49,0.2569,0.01,0.1265
76,4.752,309.4,0.2553,0.0085,0.1388
77,4.772,310.31,0.2606,0.0087,0.146
78,4.792,311.22,0.2671,0.0107,0.1355
79,4.812,312.14,0.2887,0.0121,0.1367
80,4.832,313.06,0.4873,0.0131,0.1165
81,4.852,313.97,0.71,0.0143,0.0485
82,4.872,314.86,0.6914,0.0152,0.0184
83,4.892,315.76,0.5183,0.0146,0.0137
84,4.912,316.67,0.3954,0.0136,0.0175
85,4.932,317.56,0.3293,0.0122,0.0247
86,4.952,318.47,0.2876,0.0111,0.0347
87,4.972,319.37,0.2688,0.0092,0.0475
88,4.992,320.27,0.2618,0.0083,0.062
89,5.012,321.17,0.2593,0.008,0.0759
90,5.032,322.08,0.257,0.0084,0.0882
91,5.052,322.98,0.2587,0.0082,0.0983
92,5.072,323.89,0.2533,0.0076,0.1074
93,5.092,324.79,0.2438,0.0074,0.1135
94,5.112,325.7,0.2432,0.0075,0.1191
95,5.132,326.61,0.2473,0.0076,0.1254
96,5.152,327.53,0.2637,0.0075,0.1165
97,5.172,328.44,0.2526,0.0074,0.1022
98,5.192,329.35,0.2487,0.0073,0.1116
99,5.212,330.25,0.2432,0.0068,0.1179
100,5.232,331.16,0.2378,0.0067,0.1263
101,5.252,332.07,0.2393,0.0066,0.1337
102,5.272,332.98,0.24,0.0065,0.1402
103,5.292,333.87,0.2373,0.0067,0.1459
104,5.312,334.78,0.235,0.007,0.1504
105,5.332,335.69,0.2389,0.0073,0.1479
106,5.352,336.6,0.2412,0.0075,0.1465
107,5.372,337.51,0.2457,0.0072,0.1489
108,5.392,338.42,0.2475,0.0075,0.1507
109,5.412,339.34,0.2469,0.0079,0.146
110,5.432,340.26,0.2506,0.0078,0.1405
111,5.452,341.18,0.2479,0.0073,0.1377
112,5.472,342.11,0.2441,0.0076,0.1383
113,5.492,343.03,0.2456,0.0078,0.143
114,5.512,343.94,0.2465,0.008,0.1483
115,5.532,344.87,0.2471,0.0083,0.1523
116,5.552,345.8,0.2452,0.0086,0.1494
117,5.572,346.73,0.2501,0.0079,0.143
118,5.592,347.66,0.2501,0.0078,0.1422
119,5.612,348.57,0.2496,0.0078,0.1459
120,5.632,349.48,0.2489,0.0078,0.1465
121,5.652,350.39,0.253,0.0074,0.1435
122,5.672,351.3,0.2522,0.0071,0.1452
123,5.692,352.2,0.251,0.0072,0.1531
124,5.712,353.11,0.2517,0.0073,0.1535
125,5.732,354.02,0.2503,0.0075,0.1505
126,5.752,354.92,0.2505,0.0073,0.1505
127,5.772,355.83,0.2515,0.008,0.1518
128,5.792,356.75,0.2571,0.0082,0.1512
129,5.812,357.66,0.2576,0.0079,0.1484
130,5.832,358.56,0.2573,0.0078,0.1496
131,5.852,359.47,0.2567,0.0075,0.1519
132,5.872,360.38,0.2548,0.0073,0.1567
133,5.892,361.29,0.2525,0.007,0.1653
134,5.912,362.2,0.25,0.1721,
135,5.932,363.12,0.2496,0.1744,
136,5.952,364.02,0.252,0.1691,
137,5.972,364.93,0.2494,0.1634,
138,5.992,365.84,0.2502,0.1618,
139,6.002,366.5,0.2522,,
1,6.205,174.0,0.2016,,
2,6.225,174.9,0.2029,0.0907,
3,6.245,175.79,0.2085,0.0892,
4,6.265,176.69,0.2197,0.0084,0.0929
5,6.285,177.59,0.2253,0.0085,0.0995
6,6.305,178.48,0.2316,0.0087,0.1069
7,6.325,179.38,0.2411,0.0085,0.1166
8,6.345,180.27,0.2444,0.0086,0.1275
9,6.365,181.18,0.2457,0.0084,0.1369
10,6.385,182.07,0.2452,0.0086,0.1447
11,6.405,182.97,0.2433,0.0086,0.1508
12,6.425,183.87,0.247,0.0089,0.1563
13,6.445,184.76,0.2467,0.0093,0.1619
14,6.465,185.66,0.2466,0.0091,0.1594
15,6.485,186.55,0.2495,0.0088,0.153
16,6.505,187.44,0.255,0.008,0.1524
17,6.525,188.34,0.2514,0.0075,0.1605
18,6.545,189.24,0.2473,0.007,0.1715
19,6.565,190.12,0.2458,0.0069,0.1747
20,6.585,191.02,0.2397,0.0067,0.1765
21,6.605,191.92,0.2385,0.0065,0.1775
22,6.625,192.81,0.2457,0.0066,0.1758
23,6.645,193.71,0.2531,0.0058,0.179
24,6.665,194.61,0.2588,0.0059,0.1825
25,6.685,195.5,0.2634,0.0066,0.1835
26,6.705,196.39,0.2762,0.0087,0.1796
27,6.725,197.3,0.4174,0.0109,0.1759
28,6.745,198.19,0.5177,0.0121,0.1498
29,6.765,199.09,0.5835,0.013,0.1122
30,6.785,200.0,0.5611,0.0132,0.0163
31,6.805,200.89,0.4738,0.0137,-0.0088
32,6.825,201.8,0.4242,0.0145,0.0019
33,6.845,202.69,0.3828,0.0154,0.0126
34,6.865,203.6,0.3704,0.015,0.0263
35,6.885,204.5,0.3737,0.0142,0.042
36,6.905,205.4,0.3719,0.014,0.0466
37,6.925,206.3,0.3664,0.0139,0.0467
38,6.945,207.2,0.3501,0.0137,0.0506
39,6.965,208.1,0.3289,0.0137,0.0578
40,6.985,209.0,0.3202,0.0137,0.0663
41,7.005,209.9,0.3155,0.0138,0.075
42,7.025,210.8,0.3142,0.0139,0.0837
43,7.045,211.7,0.3163,0.0141,0.0927
44,7.065,212.6,0.323,0.0144,0.1018
45,7.085,213.49,0.3235,0.015,0.1107
46,7.105,214.4,0.325,0.0153,0.1193
47,7.125,215.29,0.3288,0.0154,0.1264
48,7.145,216.19,0.3272,0.0152,0.1306
49,7.165,217.08,0.3223,0.0147,0.1346
50,7.185,217.98,0.3119,0.0148,0.1436
51,7.205,218.88,0.305,0.0146,0.1547
52,7.225,219.79,0.2992,0.0148,0.1653
53,7.245,220.68,0.2965,0.0141,0.1755
54,7.265,221.59,0.3057,0.0138,0.1846
55,7.285,222.49,0.2962,0.0135,0.192
56,7.305,223.38,0.3018,0.0134,0.1977
57,7.325,224.29,0.2995,0.0135,0.2034
58,7.345,225.19,0.3004,0.0136,0.2086
59,7.365,226.1,0.3021,0.0138,0.2111
60,7.385,226.99,0.3077,0.0135,0.2116
61,7.405,227.89,0.3058,0.0133,0.2124
62,7.425,228.79,0.3047,0.0132,0.2034
63,7.445,229.7,0.308,0.0132,0.2058
64,7.465,230.6,0.3116,0.0137,0.2142
65,7.485,231.5,0.3157,0.0139,0.2202
66,7.505,232.4,0.319,0.0139,0.2229
67,7.525,233.3,0.3197,0.014,0.2192
68,7.545,234.2,0.3217,0.014,0.2088
69,7.565,235.11,0.3211,0.0134,0.2051
70,7.585,236.01,0.3134,0.0132,0.2044
71,7.605,236.92,0.3118,0.0128,0.2068
72,7.625,237.81,0.3142,0.0124,0.2136
73,7.645,238.72,0.3173,0.0117,0.2233
74,7.665,239.62,0.3147,0.0115,0.2274
75,7.685,240.53,0.3213,0.0112,0.2211
76,7.705,241.43,0.33,0.0111,0.2138
77,7.725,242.34,0.346,0.0111,0.1861
78,7.745,243.24,0.3476,0.0112,0.1646
79,7.765,244.15,0.3447,0.0115,0.1717
80,7.785,245.05,0.3447,0.0133,0.1798
81,7.805,245.96,0.3479,0.0153,0.1778
82,7.825,246.87,0.3438,0.0164,0.1633
83,7.845,247.77,0.4048,0.0156,0.1605
84,7.865,248.68,0.5765,0.0141,0.1547
85,7.885,249.58,0.6654,0.0124,0.1052
86,7.905,250.49,0.5136,0.0111,0.0603
87,7.925,251.39,0.3817,0.0109,0.0677
88,7.945,252.29,0.3446,0.0106,0.0828
89,7.965,253.2,0.3496,0.0101,0.0969
90,7.985,254.11,0.3488,0.0097,0.1104
91,8.005,255.01,0.3448,0.0096,0.1196
92,8.025,255.93,0.3332,0.0098,0.1289
93,8.045,256.83,0.3407,0.0101,0.1375
94,8.065,257.74,0.3419,0.011,0.1453
95,8.085,258.65,0.3433,0.0129,0.1534
96,8.105,259.56,0.3609,0.0146,0.1616
97,8.125,260.47,0.3944,0.0149,0.123
98,8.145,261.37,0.3981,0.0148,0.0805
99,8.165,262.28,0.3817,0.0147,0.0642
100,8.185,263.19,0.3582,0.0143,0.0682
101,8.205,264.1,0.3382,0.0144,0.0788
102,8.225,265.01,0.3318,0.0139,0.0883
103,8.245,265.92,0.33,0.013,0.0985
104,8.265,266.83,0.3246,0.013,0.1085
105,8.285,267.73,0.3252,0.0129,0.1177
106,8.305,268.63,0.3392,0.013,0.1263
107,8.325,269.53,0.3283,0.0131,0.1345
108,8.345,270.45,0.3296,0.0129,0.1443
109,8.365,271.35,0.332,0.012,0.1525
110,8.385,272.25,0.3275,0.0112,0.1611
111,8.405,273.16,0.323,0.0109,0.1685
112,8.425,274.07,0.3202,0.0106,0.1769
113,8.445,274.98,0.3178,0.0106,0.1849
114,8.465,275.89,0.306,0.011,0.1914
115,8.485,276.8,0.3064,0.0094,0.1932
116,8.505,277.71,0.3084,0.0093,0.1977
117,8.525,278.62,0.3136,0.0118,0.2044
118,8.545,279.52,0.3361,0.0159,0.2107
119,8.565,280.45,0.4645,0.0189,0.2038
120,8.585,281.36,0.6117,0.0193,0.1019
121,8.605,282.28,0.6393,0.0199,0.0684
122,8.625,283.2,0.6083,0.0205,-0.0027
123,8.645,284.11,0.515,0.0201,-0.0441
124,8.665,285.02,0.4493,0.0192,-0.0367
125,8.685,285.94,0.4424,0.0172,-0.0278
126,8.705,286.84,0.4406,0.0161,-0.0188
127,8.725,287.75,0.4444,0.0149,-0.0088
128,8.745,288.66,0.4537,0.0146,-0.0002
129,8.765,289.59,0.4998,0.0141,0.0107
130,8.785,290.5,0.4995,0.0137,0.0199
131,8.805,291.42,0.4482,0.0129,0.0271
132,8.825,292.35,0.4249,0.012,0.0351
133,8.845,293.27,0.411,0.0107,0.0435
134,8.865,294.19,0.3911,0.0101,0.0526
135,8.885,295.11,0.3544,0.0102,0.0634
136,8.905,296.03,0.3498,0.073,
137,8.925,296.95,0.3601,0.0836,
138,8.945,297.88,0.3637,0.0955,
139,8.965,298.8,0.3974,0.1038,
140,8.985,299.73,0.4339,0.1157,
141,9.0,300.5,0.4542,,
1,9.253,291.5,0.3009,,
2,9.273,292.38,0.2913,0.1307,
3,9.293,293.27,0.2755,0.1394,
4,9.313,294.16,0.2726,0.0091,0.151
5,9.333,295.06,0.2887,0.0106,0.1645
6,9.353,295.95,0.3078,0.0106,0.178
7,9.373,296.85,0.35,0.0105,0.1845
8,9.393,297.75,0.3695,0.0099,0.1642
9,9.413,298.65,0.3775,0.0092,0.1683
10,9.433,299.54,0.3676,0.0086,0.1765
11,9.453,300.44,0.3528,0.0085,0.1902
12,9.473,301.34,0.3411,0.0081,0.2028
13,9.493,302.24,0.3345,0.008,0.2144
14,9.513,303.13,0.3375,0.0085,0.2237
15,9.533,304.03,0.3561,0.0087,0.2272
16,9.553,304.92,0.3511,0.0092,0.2128
17,9.573,305.81,0.3463,0.0096,0.1898
18,9.593,306.71,0.3244,0.0101,0.1834
19,9.613,307.6,0.3177,0.0103,0.1903
20,9.633,308.5,0.3216,0.0111,0.2003
21,9.653,309.39,0.3349,0.0119,0.2111
22,9.673,310.29,0.3505,0.0116,0.2216
23,9.693,311.18,0.3688,0.0113,0.2299
24,9.713,312.07,0.3877,0.0113,0.2309
25,9.733,312.96,0.3952,0.0129,0.2235
26,9.753,313.84,0.3946,0.0134,0.2222
27,9.773,314.74,0.3931,0.0131,0.2184
28,9.793,315.63,0.3941,0.0125,0.2185
29,9.813,316.52,0.3915,0.0125,0.2225
30,9.833,317.42,0.3801,0.0123,0.2238
31,9.853,318.32,0.379,0.0116,0.2308
32,9.873,319.22,0.3838,0.0115,0.2398
33,9.893,320.12,0.4054,0.0123,0.2423
34,9.913,321.01,0.4023,0.0123,0.2278
35,9.933,321.91,0.3876,0.0124,0.2086
36,9.953,322.81,0.3666,0.0121,0.1766
37,9.973,323.7,0.3437,0.0117,0.1809
38,9.993,324.6,0.3221,0.0112,0.1897
39,10.013,325.5,0.318,0.0108,0.1991
40,10.033,326.4,0.3233,0.0107,0.2103
41,10.053,327.3,0.3233,0.0104,0.2219
42,10.073,328.21,0.3175,0.0099,0.2303
43,10.093,329.1,0.322,0.0095,0.2376
44,10.113,330.01,0.3276,0.0098,0.2435
45,10.133,330.91,0.3225,0.0099,0.2451
46,10.153,331.8,0.3188,0.0103,0.2249
47,10.173,332.69,0.3122,0.0106,0.205
48,10.193,333.6,0.3225,0.0107,0.2027
49,10.213,334.49,0.3276,0.0111,0.2099
50,10.233,335.38,0.347,0.0117,0.2119
51,10.253,336.28,0.3584,0.0119,0.2114
52,10.273,337.17,0.3651,0.0118,0.2101
53,10.293,338.07,0.365,0.0123,0.1958
54,10.313,338.97,0.3558,0.0122,0.1934
55,10.333,339.86,0.3412,0.0124,0.1943
56,10.353,340.76,0.3344,0.012,0.1944
57,10.373,341.66,0.3299,0.0117,0.1951
58,10.393,342.56,0.3181,0.0112,0.1967
59,10.413,343.46,0.3122,0.0108,0.2043
60,10.433,344.36,0.3037,0.0101,0.2128
61,10.453,345.25,0.2957,0.0096,0.2216
62,10.473,346.15,0.2959,0.0095,0.2291
63,10.493,347.05,0.2941,0.0091,0.2379
64,10.513,347.95,0.2867,0.0091,0.246
65,10.533,348.85,0.2904,0.0088,0.2527
66,10.553,349.75,0.2886,0.0085,0.2598
67,10.573,350.65,0.294,0.0085,0.2667
68,10.593,351.55,0.3015,0.0085,0.2763
69,10.613,352.46,0.3122,0.0088,0.2849
70,10.633,353.36,0.328,0.0088,0.2926
71,10.653,354.25,0.3369,0.0093,0.2856
72,10.673,355.15,0.3479,0.0098,0.2717
73,10.693,356.05,0.3573,0.0102,0.2623
74,10.713,356.95,0.3745,0.0106,0.259
75,10.733,357.86,0.3844,0.0109,0.2537
76,10.753,358.76,0.3792,0.0111,0.2495
77,10.773,359.66,0.3783,0.0115,0.244
78,10.793,360.56,0.3817,0.012,0.2465
79,10.813,361.46,0.3906,0.0129,0.2519
80,10.833,362.36,0.4148,0.0134,0.2562
81,10.853,363.27,0.4322,0.0139,0.2626
82,10.873,364.17,0.4494,0.0145,0.2541
83,10.893,365.06,0.4598,0.0149,0.246
84,10.913,365.97,0.4604,0.0155,0.2408
85,10.933,366.87,0.4578,0.0157,0.2415
86,10.953,367.78,0.4528,0.0158,0.2477
87,10.973,368.67,0.4496,0.0154,0.2544
88,10.993,369.57,0.4486,0.0151,0.2643
89,11.013,370.47,0.4486,0.0141,0.2669
90,11.033,371.37,0.4474,0.0141,0.2636
91,11.053,372.27,0.4496,0.0145,0.2572
92,11.073,373.18,0.47,0.0154,0.2528
93,11.093,374.08,0.4809,0.0163,0.2476
94,11.113,374.99,0.4955,0.0165,0.2426
95,11.133,375.89,0.4963,0.0163,0.2401
96,11.153,376.8,0.4963,0.0167,0.2387
97,11.173,377.7,0.4918,0.0166,0.2474
98,11.193,378.6,0.4845,0.0163,0.261
99,11.213,379.5,0.4813,0.0159,0.2743
100,11.233,380.41,0.4775,0.015,0.2867
101,11.253,381.31,0.4698,0.0143,0.2978
102,11.273,382.22,0.4625,0.0142,0.3058
103,11.293,383.12,0.4534,0.014,0.308
104,11.313,384.02,0.4493,0.0141,0.3068
105,11.333,384.91,0.4469,0.0139,0.3053
106,11.353,385.82,0.4456,0.0136,0.304
107,11.373,386.72,0.4397,0.0135,0.3049
108,11.393,387.63,0.4342,0.0131,0.3024
109,11.413,388.53,0.4359,0.0125,0.3028
110,11.433,389.43,0.4372,0.0122,0.305
111,11.453,390.34,0.4397,0.012,0.3087
112,11.473,391.24,0.4418,0.0123,0.3132
113,11.493,392.15,0.4454,0.0129,0.3145
114,11.513,393.04,0.4534,0.013,0.3125
115,11.533,393.95,0.4633,0.0132,0.3095
116,11.553,394.85,0.4696,0.0136,0.306
117,11.573,395.76,0.4782,0.0139,0.2995
118,11.593,396.67,0.4838,0.0142,0.2979
119,11.613,397.58,0.481,0.0147,0.298
120,11.633,398.48,0.4809,0.0149,0.295
121,11.653,399.4,0.4767,0.0149,0.2888
122,11.673,400.31,0.4673,0.0149,0.2839
123,11.693,401.22,0.4549,0.0146,0.2825
124,11.713,402.13,0.4473,0.0144,0.2878
125,11.733,403.04,0.4447,0.014,0.2964
126,11.753,403.94,0.4435,0.0139,0.3066
127,11.773,404.85,0.4453,0.0138,0.3172
128,11.793,405.76,0.4412,0.0134,0.3279
129,11.813,406.68,0.4401,0.0132,0.3355
130,11.833,407.58,0.4407,0.0128,0.3291
131,11.853,408.5,0.4429,0.0124,0.3265
132,11.873,409.41,0.4453,0.0122,0.3303
133,11.893,410.32,0.4438,0.0118,0.339
134,11.913,411.23,0.4528,0.3495,
135,11.933,412.14,0.4694,0.3385,
136,11.953,413.05,0.4798,0.3314,
137,11.973,413.96,0.4859,0.3239,
138,11.993,414.88,0.4902,0.3164,
139,12.002,415.5,0.4921,,
1,12.3,303.0,0.4507,,
2,12.32,303.89,0.4574,0.2245,
3,12.34,304.79,0.4682,0.2463,
4,12.36,305.68,0.5087,0.0188,0.2662
5,12.38,306.59,0.5768,0.019,0.2597
6,12.4,307.48,0.6219,0.0189,0.2176
7,12.42,308.38,0.5927,0.019,0.1643
8,12.44,309.27,0.5521,0.0192,0.1637
9,12.46,310.17,0.5204,0.0186,0.1885
10,12.48,311.07,0.5129,0.0176,0.2129
11,12.5,311.97,0.5104,0.017,0.2369
12,12.52,312.87,0.517,0.0168,0.2589
13,12.54,313.77,0.5363,0.0167,0.2791
14,12.56,314.67,0.5507,0.0166,0.2967
15,12.58,315.56,0.5411,0.0161,0.3036
16,12.6,316.46,0.5257,0.0163,0.3045
17,12.62,317.36,0.5281,0.0163,0.3031
18,12.64,318.25,0.527,0.0165,0.3202
19,12.66,319.14,0.5189,0.0164,0.3335
20,12.68,320.04,0.5099,0.0161,0.3459
21,12.7,320.94,0.5149,0.0162,0.3577
22,12.72,321.84,0.5189,0.0163,0.3679
23,12.74,322.74,0.5223,0.016,0.3759
24,12.76,323.64,0.5206,0.0162,0.3839
25,12.78,324.53,0.5177,0.0161,0.3867
26,12.8,325.43,0.5143,0.0165,0.3837
27,12.82,326.33,0.5178,0.0167,0.3794
28,12.84,327.23,0.5209,0.0171,0.3678
29,12.86,328.12,0.5221,0.0172,0.3478
30,12.88,329.02,0.5158,0.0173,0.3378
31,12.9,329.92,0.5115,0.0173,0.3429
32,12.92,330.82,0.5086,0.0173,0.3512
33,12.94,331.72,0.5082,0.0169,0.3603
34,12.96,332.63,0.5114,0.0166,0.3651
35,12.98,333.52,0.5102,0.0164,0.3678
36,13.0,334.43,0.5135,0.017,0.3655
37,13.02,335.32,0.5211,0.0175,0.3602
38,13.04,336.23,0.5244,0.0177,0.3546
39,13.06,337.12,0.5287,0.0177,0.3412
40,13.08,338.02,0.5235,0.0174,0.3265
41,13.1,338.91,0.5163,0.0174,0.3263
42,13.12,339.81,0.5145,0.0174,0.3307
43,13.14,340.71,0.51,0.0174,0.3398
44,13.16,341.61,0.5069,0.0169,0.3447
45,13.18,342.51,0.506,0.0171,0.346
46,13.2,343.41,0.5119,0.0168,0.3459
47,13.22,344.31,0.508,0.0162,0.3425
48,13.24,345.21,0.5056,0.0159,0.3388
49,13.26,346.11,0.4991,0.0155,0.3399
50,13.28,347.02,0.4938,0.0152,0.3467
51,13.3,347.92,0.4919,0.0142,0.3541
52,13.32,348.83,0.4984,0.0147,0.3554
53,13.34,349.73,0.498,0.0145,0.3583
54,13.36,350.63,0.4971,0.0144,0.3629
55,13.38,351.52,0.4923,0.0147,0.3694
56,13.4,352.42,0.4868,0.0146,0.3693
57,13.42,353.33,0.4943,0.014,0.3647
58,13.44,354.23,0.4888,0.0137,0.3612
59,13.46,355.13,0.484,0.0134,0.3685
60,13.48,356.03,0.4828,0.0132,0.3785
61,13.5,356.94,0.4874,0.0129,0.3865
62,13.52,357.83,0.4964,0.0131,0.3925
63,13.54,358.73,0.505,0.0134,0.3914
64,13.56,359.63,0.5178,0.0139,0.3801
65,13.58,360.54,0.5241,0.0143,0.359
66,13.6,361.43,0.5296,0.0148,0.3452
67,13.62,362.34,0.5321,0.0149,0.3355
68,13.64,363.24,0.526,0.0151,0.3297
69,13.66,364.14,0.5264,0.0157,0.3317
70,13.68,365.04,0.5367,0.0165,0.3391
71,13.7,365.95,0.5369,0.0173,0.34
72,13.72,366.85,0.5479,0.0174,0.3203
73,13.74,367.76,0.5485,0.0175,0.3137
74,13.76,368.66,0.5492,0.0178,0.314
75,13.78,369.57,0.5452,0.018,0.308
76,13.8,370.47,0.5301,0.0179,0.3177
77,13.82,371.38,0.5168,0.0176,0.3317
78,13.84,372.28,0.5078,0.0173,0.3448
79,13.86,373.19,0.5037,0.0169,0.3566
80,13.88,374.09,0.5004,0.0161,0.3662
81,13.9,374.99,0.4974,0.0153,0.3745
82,13.92,375.9,0.5002,0.0151,0.3824
83,13.94,376.8,0.4994,0.0151,0.3874
84,13.96,377.71,0.4963,0.0149,0.3913
85,13.98,378.61,0.4875,0.015,0.3979
86,14.0,379.52,0.4962,0.0156,0.393
87,14.02,380.42,0.4998,0.0158,0.3892
88,14.04,381.33,0.5072,0.0159,0.3893
89,14.06,382.23,0.5136,0.0158,0.387
90,14.08,383.15,0.52,0.0159,0.3839
91,14.1,384.05,0.5287,0.0161,0.3741
92,14.12,384.96,0.5298,0.0161,0.3667
93,14.14,385.86,0.5295,0.0158,0.3656
94,14.16,386.77,0.5256,0.0157,0.3643
95,14.18,387.67,0.5223,0.016,0.3699
96,14.2,388.58,0.5138,0.0159,0.38
97,14.22,389.47,0.5072,0.0155,0.3901
98,14.24,390.37,0.5032,0.0153,0.3975
99,14.26,391.27,0.5048,0.0152,0.4038
100,14.28,392.18,0.5093,0.015,0.4105
101,14.3,393.08,0.5042,0.0148,0.408
102,14.32,393.99,0.5082,0.0149,0.3866
103,14.34,394.89,0.5097,0.0148,0.3769
104,14.36,395.81,0.5075,0.0144,0.378
105,14.38,396.71,0.5104,0.0142,0.3867
106,14.4,397.62,0.5103,0.0145,0.3962
107,14.42,398.53,0.5198,0.0146,0.4065
108,14.44,399.44,0.5281,0.0155,0.4124
109,14.46,400.35,0.5407,0.0162,0.4072
110,14.48,401.26,0.5486,0.0166,0.3963
111,14.5,402.17,0.5389,0.0175,0.3635
112,14.52,403.08,0.5261,0.0181,0.3519
113,14.54,403.99,0.5079,0.0185,0.3465
114,14.56,404.9,0.501,0.0185,0.3477
115,14.58,405.82,0.4861,0.0185,0.3582
116,14.6,406.72,0.4797,0.0174,0.3666
117,14.62,407.64,0.4719,0.0163,0.3726
118,14.64,408.54,0.4677,0.0157,0.3805
119,14.66,409.46,0.5705,0.0151,0.3847
120,14.68,410.37,0.5942,0.0144,0.3766
121,14.7,411.28,0.6601,0.0134,0.3513
122,14.72,412.2,0.5351,0.0128,0.3832
123,14.74,413.11,0.5434,0.0122,0.3858
124,14.76,414.02,0.5346,0.0116,0.3831
125,14.78,414.93,0.5417,0.0125,0.3947
126,14.8,415.83,0.5501,0.0125,0.3991
127,14.82,416.75,0.55,0.0127,0.3903
128,14.84,417.66,0.5706,0.0135,0.3666
129,14.86,418.58,0.5849,0.0147,0.3695
130,14.88,419.48,0.6155,0.0161,0.3798
131,14.9,420.4,0.6898,0.0164,0.3593
132,14.92,421.31,0.6713,0.359,
133,14.94,422.23,0.6691,0.348,
134,14.96,423.14,0.6656,0.3441,
135,14.98,424.05,0.6778,0.3456,
136,15.0,424.96,0.677,0.3572,
1,15.298,191.0,0.4646,,
2,15.318,191.89,0.4804,0.1689,
3,15.338,192.78,0.4879,0.1519,
4,15.358,193.68,0.4893,0.0148,0.1713
5,15.378,194.58,0.5128,0.0154,0.1776
6,15.398,195.47,0.5115,0.0161,0.1838
7,15.418,196.37,0.527,0.0172,0.1957
8,15.438,197.27,0.5194,0.0181,0.2123
9,15.458,198.16,0.5148,0.0184,0.2233
10,15.478,199.04,0.5294,0.0171,0.2233
11,15.498,199.93,0.5281,0.0156,0.2342
12,15.518,200.83,0.5097,0.0154,0.2446
13,15.538,201.73,0.4914,0.0146,0.2521
14,15.558,202.62,0.4876,0.0141,0.2744
15,15.578,203.52,0.4985,0.0131,0.2944
16,15.598,204.41,0.5169,0.013,0.3139
17,15.618,205.31,0.5194,0.0142,0.3351
18,15.638,206.21,0.5665,0.0147,0.3592
19,15.658,207.11,0.6286,0.0146,0.3754
20,15.678,208.01,0.6867,0.014,0.3543
21,15.698,208.9,0.6574,0.0139,0.3438
22,15.718,209.8,0.6258,0.0153,0.3573
23,15.738,210.7,0.6103,0.017,0.367
24,15.758,211.6,0.6114,0.0169,0.3863
25,15.778,212.5,0.6266,0.0167,0.388
26,15.798,213.4,0.6528,0.0161,0.3635
27,15.818,214.3,0.6467,0.0176,0.3441
28,15.838,215.2,0.6735,0.0171,0.3548
29,15.858,216.1,0.7307,0.0165,0.3729
30,15.878,217.01,0.7323,0.016,0.3484
31,15.898,217.91,0.6971,0.0152,0.3224
32,15.918,218.81,0.6473,0.0144,0.3212
33,15.938,219.71,0.6443,0.0144,0.3433
34,15.958,220.61,0.6453,0.013,0.3628
35,15.978,221.51,0.6252,0.0117,0.3719
36,15.998,222.41,0.62,0.0116,0.3885
37,16.018,223.31,0.61,0.0107,0.405
38,16.038,224.22,0.5965,0.0102,0.4339
39,16.058,225.11,0.5981,0.0101,0.4446
40,16.078,226.02,0.599,0.011,0.4473
41,16.098,226.92,0.6074,0.0116,0.4528
42,16.118,227.82,0.6244,0.013,0.4425
43,16.138,228.71,0.6265,0.0141,0.4185
44,16.158,229.61,0.6339,0.0148,0.4205
45,16.178,230.51,0.6362,0.0155,0.4306
46,16.198,231.42,0.626,0.016,0.4309
47,16.218,232.32,0.6259,0.0161,0.4324
48,16.238,233.22,0.6224,0.0164,0.4328
49,16.258,234.12,0.6224,0.0164,0.4407
50,16.278,235.02,0.6307,0.0166,0.4427
51,16.298,235.93,0.637,0.0163,0.4394
52,16.318,236.83,0.6382,0.0159,0.4285
53,16.338,237.72,0.6302,0.0164,0.4268
54,16.358,238.63,0.6336,0.0171,0.4264
55,16.378,239.53,0.6393,0.0169,0.4223
56,16.398,240.43,0.6484,0.0174,0.4208
57,16.418,241.33,0.662,0.0177,0.4207
58,16.438,242.23,0.6803,0.0189,0.4117
59,16.458,243.14,0.7146,0.0205,0.405
60,16.478,244.04,0.7871,0.0183,0.384
61,16.498,244.95,0.7826,0.0166,0.3647
62,16.518,245.85,0.7649,0.0158,0.339
63,16.538,246.75,0.718,0.0145,0.3473
64,16.558,247.65,0.6859,0.0141,0.3743
65,16.578,248.56,0.686,0.0139,0.399
66,16.598,249.46,0.6756,0.0133,0.4184
67,16.618,250.37,0.6504,0.0135,0.4255
68,16.638,251.27,0.6288,0.0144,0.4218
69,16.658,252.19,0.6156,0.015,0.4359
70,16.678,253.09,0.6117,0.0158,0.4577
71,16.698,254.0,0.613,0.016,0.4728
72,16.718,254.9,0.6125,0.016,0.4737
73,16.738,255.81,0.6158,0.0163,0.4661
74,16.758,256.71,0.6159,0.0169,0.4439
75,16.778,257.62,0.6242,0.0174,0.4354
76,16.798,258.53,0.642,0.0178,0.4297
77,16.818,259.44,0.6547,0.0179,0.3993
78,16.838,260.34,0.6481,0.0187,0.3873
79,16.858,261.25,0.6505,0.0199,0.3707
80,16.878,262.15,0.6378,0.0196,0.382
81,16.898,263.07,0.6055,0.0188,0.391
82,16.918,263.98,0.5748,0.0172,0.3947
83,16.938,264.88,0.5611,0.0168,0.3963
84,16.958,265.78,0.577,0.0156,0.4139
85,16.978,266.69,0.6046,0.0146,0.4414
86,16.998,267.59,0.6111,0.0139,0.4498
87,17.018,268.49,0.6345,0.0128,0.4333
88,17.038,269.41,0.6264,0.0127,0.4426
89,17.058,270.31,0.621,0.0135,0.4615
90,17.078,271.23,0.6201,0.0146,0.4679
91,17.098,272.13,0.6294,0.0148,0.4732
92,17.118,273.04,0.6407,0.0151,0.4721
93,17.138,273.94,0.6549,0.0156,0.47
94,17.158,274.86,0.6623,0.0163,0.4632
95,17.178,275.76,0.6667,0.0163,0.4651
96,17.198,276.67,0.6637,0.0158,0.4787
97,17.218,277.58,0.6607,0.0162,0.4849
98,17.238,278.5,0.6667,0.0162,0.4853
99,17.258,279.4,0.666,0.0165,0.4795
100,17.278,280.32,0.6717,0.0172,0.4703
101,17.298,281.22,0.6694,0.0173,0.4698
102,17.318,282.13,0.675,0.018,0.4642
103,17.338,283.04,0.6683,0.0183,0.4696
104,17.358,283.95,0.6687,0.0182,0.4764
105,17.378,284.86,0.6807,0.0179,0.4867
106,17.398,285.78,0.6882,0.0182,0.4899
107,17.418,286.69,0.6955,0.0179,0.4799
108,17.438,287.61,0.7161,0.0173,0.4755
109,17.458,288.52,0.7271,0.0176,0.4649
110,17.478,289.42,0.7154,0.0174,0.4517
111,17.498,290.35,0.7011,0.0172,0.4552
112,17.518,291.26,0.6829,0.017,0.4759
113,17.538,292.18,0.6733,0.0167,0.4977
114,17.558,293.1,0.6657,0.0164,0.5123
115,17.578,294.01,0.6628,0.0167,0.509
116,17.598,294.92,0.6668,0.0166,0.5089
117,17.618,295.84,0.6768,0.0167,0.5067
118,17.638,296.74,0.6804,0.0169,0.5061
119,17.658,297.66,0.675,0.0168,0.5071
120,17.678,298.57,0.6715,0.0169,0.5103
121,17.698,299.49,0.6698,0.0171,0.508
122,17.718,300.41,0.668,0.0166,0.5139
123,17.738,301.32,0.6657,0.0164,0.5163
124,17.758,302.23,0.6625,0.0161,0.5174
125,17.778,303.15,0.6601,0.016,0.5155
126,17.798,304.06,0.6632,0.0158,0.5112
127,17.818,304.99,0.6591,0.0158,0.5115
128,17.838,305.89,0.6586,0.0157,0.5154
129,17.858,306.81,0.6565,0.0157,0.5213
130,17.878,307.72,0.6591,0.0156,0.5255
131,17.898,308.64,0.6677,0.0157,0.5296
132,17.918,309.54,0.6918,0.5322,
133,17.938,310.46,0.6919,0.5294,
134,17.958,311.37,0.6876,0.504,
135,17.978,312.29,0.6852,0.4675,
136,17.998,313.2,0.6756,0.4883,
1,18.29,170.0,0.5793,,
2,18.31,170.89,0.5983,0.3598,
3,18.33,171.76,0.6211,0.3761,
4,18.35,172.66,0.6169,0.0177,0.387
5,18.37,173.55,0.6142,0.018,0.4124
6,18.39,174.45,0.6184,0.0181,0.4369
7,18.41,175.33,0.6196,0.0178,0.4582
8,18.43,176.23,0.623,0.0176,0.4694
9,18.45,177.12,0.6256,0.0174,0.4796
10,18.47,178.01,0.6288,0.0176,0.4889
11,18.49,178.92,0.6339,0.0171,0.4963
12,18.51,179.82,0.639,0.0174,0.4948
13,18.53,180.72,0.6471,0.0175,0.4927
14,18.55,181.61,0.652,0.0174,0.4856
15,18.57,182.52,0.6492,0.0174,0.4845
16,18.59,183.41,0.6675,0.0172,0.4886
17,18.61,184.32,0.6663,0.0175,0.4848
18,18.63,185.21,0.6641,0.0171,0.4861
19,18.65,186.12,0.6703,0.0172,0.4904
20,18.67,187.01,0.6718,0.0174,0.4982
21,18.69,187.92,0.6801,0.0175,0.5057
22,18.71,188.81,0.6823,0.0174,0.508
23,18.73,189.71,0.6915,0.0174,0.5091
24,18.75,190.61,0.6922,0.0171,0.5051
25,18.77,191.52,0.6893,0.0177,0.5065
26,18.79,192.42,0.6921,0.0174,0.5238
27,18.81,193.33,0.6984,0.0176,0.5357
28,18.83,194.22,0.7011,0.018,0.5257
29,18.85,195.11,0.6977,0.018,0.5146
30,18.87,196.02,0.6917,0.018,0.5133
31,18.89,196.92,0.6854,0.0179,0.524
32,18.91,197.83,0.6873,0.018,0.5346
33,18.93,198.73,0.6908,0.018,0.5503
34,18.95,199.63,0.6967,0.0181,0.5442
35,18.97,200.53,0.7087,0.0182,0.5338
36,18.99,201.44,0.7149,0.0185,0.5096
37,19.01,202.34,0.7066,0.0186,0.4987
38,19.03,203.25,0.6969,0.0183,0.5215
39,19.05,204.14,0.695,0.0181,0.5396
40,19.07,205.05,0.698,0.0179,0.5558
41,19.09,205.95,0.6999,0.0173,0.5639
42,19.11,206.85,0.7024,0.0172,0.5632
43,19.13,207.75,0.7017,0.0171,0.5668
44,19.15,208.66,0.697,0.017,0.5688
45,19.17,209.55,0.6996,0.0171,0.5691
46,19.19,210.47,0.6991,0.0173,0.5705
47,19.21,211.37,0.7003,0.0171,0.5693
48,19.23,212.28,0.7059,0.0168,0.5701
49,19.25,213.17,0.7122,0.0165,0.5677
50,19.27,214.08,0.7158,0.0169,0.5563
51,19.29,214.99,0.7106,0.0169,0.5511
52,19.31,215.89,0.7164,0.0173,0.5579
53,19.33,216.8,0.7215,0.0176,0.557
54,19.35,217.71,0.725,0.0178,0.5291
55,19.37,218.61,0.7151,0.0181,0.5347
56,19.39,219.51,0.719,0.0186,0.5498
57,19.41,220.42,0.7273,0.0188,0.5628
58,19.43,221.31,0.736,0.0183,0.5688
59,19.45,222.22,0.7286,0.0174,0.5432
60,19.47,223.13,0.7209,0.0176,0.5418
61,19.49,224.03,0.73,0.0178,0.5611
62,19.51,224.94,0.7639,0.0185,0.5693
63,19.53,225.85,0.7989,0.0182,0.5507
64,19.55,226.75,0.7997,0.0181,0.4957
65,19.57,227.67,0.7774,0.0181,0.4932
66,19.59,228.57,0.7684,0.0184,0.5195
67,19.61,229.48,0.7698,0.0189,0.541
68,19.63,230.38,0.767,0.0185,0.5586
69,19.65,231.28,0.766,0.0188,0.5734
70,19.67,232.19,0.7663,0.0185,0.5717
71,19.69,233.1,0.7674,0.0194,0.5664
72,19.71,234.0,0.7879,0.021,0.5573
73,19.73,234.91,0.9078,0.0235,0.5547
74,19.75,235.82,1.1015,0.0234,0.5363
75,19.77,236.74,1.1488,0.0218,0.4164
76,19.79,237.64,1.0335,0.0201,0.4268
77,19.81,238.56,0.9307,0.019,0.4333
78,19.83,239.46,0.8366,0.0181,0.4483
79,19.85,240.37,0.8049,0.0156,0.4688
80,19.87,241.28,0.7803,0.0133,0.4878
81,19.89,242.19,0.7722,0.0129,0.5047
82,19.91,243.09,0.7662,0.0142,0.5211
83,19.93,244.0,0.7574,0.0149,0.5358
84,19.95,244.92,0.7517,0.016,0.5479
85,19.97,245.83,0.7531,0.0173,0.5587
86,19.99,246.74,0.7632,0.0181,0.5672
87,20.01,247.65,0.802,0.0187,0.5746
88,20.03,248.57,0.8482,0.0194,0.5639
89,20.05,249.47,0.8287,0.0198,0.512
90,20.07,250.39,0.7988,0.0204,0.4709
91,20.09,251.3,0.7937,0.0203,0.4905
92,20.11,252.21,0.7853,0.0213,0.499
93,20.13,253.12,0.7714,0.0208,0.5215
94,20.15,254.03,0.7719,0.0199,0.5405
95,20.17,254.93,0.7757,0.0193,0.556
96,20.19,255.84,0.7854,0.0198,0.5709
97,20.21,256.75,0.7787,0.0195,0.5839
98,20.23,257.67,0.7764,0.0194,0.5545
99,20.25,258.58,0.7761,0.0195,0.5515
100,20.27,259.5,0.7883,0.0215,0.5617
101,20.29,260.41,0.8318,0.0231,0.557
102,20.31,261.33,0.8761,0.0221,0.5525
103,20.33,262.26,0.8901,0.0226,0.5121
104,20.35,263.18,0.8751,0.0229,0.4678
105,20.37,264.09,0.8189,0.0231,0.4615
106,20.39,265.02,0.7913,0.0221,0.4895
107,20.41,265.94,0.7941,0.0202,0.5217
108,20.43,266.87,0.7928,0.0201,0.5417
109,20.45,267.8,0.8247,0.0241,0.5583
110,20.47,268.73,0.9073,0.0286,0.5698
111,20.49,269.66,1.0492,0.0305,0.5224
112,20.51,270.6,1.1243,0.0322,0.4316
113,20.53,271.53,1.0681,0.0333,0.3935
114,20.55,272.46,0.9791,0.0361,0.3637
115,20.57,273.38,0.938,0.0363,0.3865
116,20.59,274.29,0.936,0.0307,0.4066
117,20.61,275.2,0.9212,0.0266,0.4451
118,20.63,276.1,0.8808,0.0254,0.4547
119,20.65,277.0,0.8375,0.0258,0.4655
120,20.67,277.89,0.8339,0.0258,0.4931
121,20.69,278.79,0.8284,0.0228,0.5116
122,20.71,279.69,0.8289,0.0213,0.5295
123,20.73,280.59,0.8088,0.0211,0.5465
124,20.75,281.48,0.7946,0.0215,0.5467
125,20.77,282.39,0.7958,0.0214,0.5626
126,20.79,283.28,0.7976,0.0207,0.5765
127,20.81,284.18,0.8018,0.0212,0.5847
128,20.83,285.08,0.8068,0.0226,0.597
129,20.85,285.98,0.8122,0.0228,0.5985
130,20.87,286.88,0.8233,0.0198,0.5997
131,20.89,287.78,0.8542,0.0201,0.605
132,20.91,288.68,1.0829,0.586,
133,20.93,289.58,1.8972,0.5601,
134,20.95,290.48,2.4898,0.3699,
135,20.97,291.38,2.2445,0.3155,
136,20.99,292.28,1.8078,0.3025,
137,21.006,293.0,1.504,,
1,21.217,191.0,1.417,,
2,21.237,191.9,1.8049,0.1583,
3,21.257,192.81,1.7204,0.1343,
4,21.277,193.71,1.4628,0.0419,0.1378
5,21.297,194.62,1.1747,0.0408,0.1489
6,21.317,195.51,0.9619,0.0396,0.1702
7,21.337,196.4,0.8092,0.0366,0.2006
8,21.357,197.28,0.8447,0.0328,0.2462
9,21.377,198.18,1.0501,0.0283,0.2938
10,21.397,199.07,1.2069,0.0263,0.3344
11,21.417,199.97,1.0904,0.0257,0.3166
12,21.437,200.86,0.9884,0.0283,0.3291
13,21.457,201.75,0.8778,0.028,0.3538
14,21.477,202.64,0.8177,0.0281,0.3924
15,21.497,203.54,0.866,0.0299,0.4283
16,21.517,204.42,0.9424,0.0253,0.4586
17,21.537,205.32,0.935,0.0183,0.4496
18,21.557,206.21,1.14,0.0169,0.4617
19,21.577,207.11,1.3551,0.0166,0.479
20,21.597,208.0,2.0615,0.0164,0.5045
21,21.617,208.91,2.642,0.0202,0.2294
22,21.637,209.81,2.4276,0.0267,0.1681
23,21.657,210.71,1.8605,0.0296,0.1418
24,21.677,211.6,1.4592,0.0289,0.1315
25,21.697,212.5,1.2793,0.03,0.1317
26,21.717,213.38,1.0408,0.0326,0.1443
27,21.737,214.28,0.8231,0.0306,0.176
28,21.757,215.17,0.8722,0.0296,0.2286
29,21.777,216.06,1.0313,0.0273,0.2685
30,21.797,216.96,1.0875,0.0244,0.2936
31,21.817,217.85,1.1051,0.0288,0.2786
32,21.837,218.74,1.1539,0.0314,0.2802
33,21.857,219.63,1.2228,0.0355,0.2871
34,21.877,220.53,1.3119,0.0374,0.2636
35,21.897,221.42,1.339,0.0376,0.2269
36,21.917,222.31,1.2466,0.04,0.2372
37,21.937,223.2,1.2062,0.0406,0.2272
38,21.957,224.1,1.1295,0.0409,0.2642
39,21.977,225.0,1.1403,0.0425,0.2738
40,21.997,225.91,1.2506,0.0405,0.2891
41,22.017,226.8,1.3228,0.0414,0.3136
42,22.037,227.71,1.249,0.038,0.2836
43,22.057,228.61,1.1708,0.0391,0.2887
44,22.077,229.52,1.1699,0.0372,0.2957
45,22.097,230.43,1.0424,0.0311,0.3125
46,22.117,231.34,0.9772,0.0271,0.3139
47,22.137,232.24,0.9008,0.025,0.3083
48,22.157,233.15,0.8662,0.0238,0.3322
49,22.177,234.06,0.8633,0.0217,0.3568
50,22.197,234.98,0.8638,0.02,0.3802
51,22.217,235.88,0.8618,0.02,0.4025
52,22.237,236.8,0.8433,0.0205,0.424
53,22.257,237.71,0.8406,0.0217,0.4459
54,22.277,238.62,0.8443,0.0214,0.4671
55,22.297,239.53,0.853,0.0216,0.4867
56,22.317,240.43,0.8487,0.0212,0.5053
57,22.337,241.34,0.853,0.0204,0.5258
58,22.357,242.25,0.8622,0.0226,0.5411
59,22.377,243.17,0.9059,0.026,0.5557
60,22.397,244.09,0.9532,0.0279,0.5478
61,22.417,245.01,1.1104,0.0281,0.5203
62,22.437,245.92,1.1404,0.0274,0.4425
63,22.457,246.84,0.9891,0.0277,0.3903
64,22.477,247.75,0.8994,0.0269,0.4185
65,22.497,248.66,0.8898,0.0234,0.4451
66,22.517,249.57,0.8845,0.0188,0.4708
67,22.537,250.48,0.8703,0.0179,0.4919
68,22.557,251.39,0.851,0.0177,0.5042
69,22.577,252.3,0.8393,0.0177,0.5189
70,22.597,253.21,0.8497,0.0179,0.5367
71,22.617,254.12,0.8512,0.0181,0.5528
72,22.637,255.02,0.8615,0.0185,0.5696
73,22.657,255.93,0.8944,0.02,0.5836
74,22.677,256.85,0.9309,0.0225,0.5866
75,22.697,257.76,0.9268,0.0228,0.5445
76,22.717,258.67,0.9164,0.0212,0.5104
77,22.737,259.59,0.902,0.022,0.5328
78,22.757,260.51,0.9308,0.0305,0.5555
79,22.777,261.43,1.1161,0.0401,0.583
80,22.797,262.36,1.4691,0.0452,0.5193
81,22.817,263.29,1.6629,0.0444,0.3066
82,22.837,264.21,1.5545,0.0441,0.2469
83,22.857,265.14,1.3407,0.0459,0.2454
84,22.877,266.06,1.1438,0.0451,0.2497
85,22.897,266.96,0.9893,0.0362,0.2729
86,22.917,267.86,0.9648,0.0263,0.2918
87,22.937,268.75,0.9959,0.0215,0.3118
88,22.957,269.64,1.0101,0.0202,0.3388
89,22.977,270.54,0.9571,0.0191,0.3508
90,22.997,271.43,0.9528,0.0225,0.3683
91,23.017,272.32,0.9303,0.0234,0.3889
92,23.037,273.21,0.9529,0.0255,0.4067
93,23.057,274.1,1.0633,0.0293,0.4248
94,23.077,275.0,1.2009,0.0341,0.4474
95,23.097,275.89,1.2222,0.0344,0.4467
96,23.117,276.79,1.2509,0.0359,0.4213
97,23.137,277.69,1.2545,0.037,0.4323
98,23.157,278.59,1.0739,0.0333,0.3658
99,23.177,279.48,0.9541,0.0292,0.3852
100,23.197,280.38,1.0029,0.0277,0.4124
101,23.217,281.27,0.9475,0.0236,0.4324
102,23.237,282.15,0.9097,0.0236,0.456
103,23.257,283.04,0.9337,0.0269,0.4753
104,23.277,283.93,1.0562,0.0332,0.4971
105,23.297,284.82,1.2192,0.0333,0.5168
106,23.317,285.72,1.2703,0.0356,0.3857
107,23.337,286.62,1.1961,0.0358,0.3478
108,23.357,287.52,1.1132,0.0366,0.3295
109,23.377,288.43,1.1094,0.0357,0.3546
110,23.397,289.34,1.2136,0.0323,0.3764
111,23.417,290.26,1.2122,0.0279,0.4099
112,23.437,291.18,1.0444,0.0283,0.3884
113,23.457,292.1,0.9393,0.0289,0.4121
114,23.477,293.03,0.9356,0.0275,0.4359
115,23.497,293.97,0.9706,0.0216,0.4591
116,23.517,294.9,0.9926,0.0199,0.4795
117,23.537,295.84,0.9475,0.0203,0.4941
118,23.557,296.78,0.9146,0.0213,0.4748
119,23.577,297.69,0.9131,0.0241,0.497
120,23.597,298.58,0.9825,0.024,0.5166
121,23.617,299.48,1.09,0.023,0.5358
122,23.637,300.37,1.0565,0.0236,0.5036
123,23.657,301.26,1.0168,0.0256,0.4698
124,23.677,302.15,0.95,0.0262,0.4883
125,23.697,303.06,0.9586,0.0214,0.5079
126,23.717,303.95,0.9995,0.0226,0.5238
127,23.737,304.85,1.0507,0.0222,0.5417
128,23.757,305.74,1.0779,0.0291,0.5367
129,23.777,306.64,1.3122,0.0319,0.4716
130,23.797,307.54,1.5874,0.0333,0.3967
131,23.817,308.44,1.4414,0.0372,0.404
132,23.837,309.32,1.5895,0.0386,0.4181
133,23.857,310.21,1.3461,0.0349,0.4393
134,23.877,311.11,1.2734,0.0371,0.3762
135,23.897,312.0,1.227,0.0381,0.37
136,23.917,312.89,1.2756,0.3926,
137,23.937,313.79,1.2908,0.3931,
138,23.957,314.69,1.1537,0.299,
139,23.977,315.58,0.9993,0.3084,
140,23.997,316.47,0.9425,0.3319,
141,24.007,317.0,0.9566,,
1,24.257,176.0,0.99,,
2,24.277,176.89,1.4344,0.2821,
3,24.297,177.78,1.6788,0.2099,
4,24.317,178.67,1.8358,0.0464,0.2211
5,24.337,179.57,2.0309,0.0532,0.2284
6,24.357,180.46,2.0377,0.0593,0.2033
7,24.377,181.35,1.961,0.0637,0.1856
8,24.397,182.25,1.9537,0.0587,0.2072
9,24.417,183.14,1.777,0.0573,0.2007
10,24.437,184.02,1.6391,0.0616,0.2649
11,24.457,184.92,1.7561,0.0654,0.2352
12,24.477,185.81,2.1139,0.0671,0.2545
13,24.497,186.71,2.1886,0.0677,0.1854
14,24.517,187.6,2.0864,0.0597,0.1925
15,24.537,188.51,1.8927,0.0597,0.2184
16,24.557,189.4,1.8625,0.065,0.2408
17,24.577,190.31,1.981,0.0648,0.2293
18,24.597,191.2,1.9435,0.0669,0.357
19,24.617,192.09,1.8704,0.0643,0.255
20,24.637,192.99,1.6534,0.0637,0.2468
21,24.657,193.89,1.6008,0.065,0.2995
22,24.677,194.79,1.8854,0.0629,0.3083
23,24.697,195.69,2.1251,0.0614,0.2981
24,24.717,196.59,2.0449,0.0619,0.2308
25,24.737,197.49,1.769,0.0592,0.2344
26,24.757,198.38,1.5925,0.0616,0.2705
27,24.777,199.28,1.7986,0.0603,0.3232
28,24.797,200.17,2.2808,0.0592,0.3209
29,24.817,201.06,2.7039,0.0613,0.2326
30,24.837,201.97,2.9834,0.0614,0.1171
31,24.857,202.87,3.0274,0.0644,0.126
32,24.877,203.78,3.0631,0.0659,0.1203
33,24.897,204.68,3.0262,0.0642,0.1312
34,24.917,205.58,2.7692,0.0592,0.1145
35,24.937,206.47,2.2739,0.0555,0.1133
36,24.957,207.37,1.7436,0.0599,0.1472
37,24.977,208.27,1.3523,0.0592,0.1658
38,24.997,209.16,1.2729,0.0518,0.1993
39,25.017,210.06,1.4386,0.0444,0.2346
40,25.037,210.96,1.7086,0.042,0.2706
41,25.057,211.86,1.6738,0.0492,0.2779
42,25.077,212.76,1.9279,0.0566,0.2336
43,25.097,213.65,2.2992,0.0585,0.3181
44,25.117,214.56,2.059,0.0555,0.2127
45,25.137,215.45,1.7931,0.0492,0.2196
46,25.157,216.35,1.4498,0.0532,0.219
47,25.177,217.24,1.2244,0.0511,0.2636
48,25.197,218.15,1.1925,0.0402,0.2942
49,25.217,219.04,1.1768,0.0335,0.318
50,25.237,219.95,1.1873,0.0337,0.3439
51,25.257,220.84,1.1569,0.0392,0.3499
52,25.277,221.74,1.2577,0.0433,0.3774
53,25.297,222.63,1.5268,0.0548,0.4035
54,25.317,223.53,1.6434,0.0533,0.3543
55,25.337,224.43,1.6425,0.0522,0.2812
56,25.357,225.33,1.4587,0.0525,0.2891
57,25.377,226.23,1.291,0.044,0.2768
58,25.397,227.12,1.0882,0.0346,0.3378
59,25.417,228.02,1.0036,0.0306,0.3559
60,25.437,228.92,0.9656,0.0274,0.3787
61,25.457,229.81,0.9694,0.0242,0.4027
62,25.477,230.71,0.9857,0.0217,0.4242
63,25.497,231.61,1.0157,0.0214,0.4403
64,25.517,232.5,1.0423,0.0233,0.4537
65,25.537,233.41,1.0109,0.0244,0.4678
66,25.557,234.31,1.0381,0.0244,0.4867
67,25.577,235.21,1.1084,0.0244,0.5016
68,25.597,236.11,1.1093,0.0238,0.509
69,25.617,237.01,1.0505,0.0244,0.5032
70,25.637,237.9,0.9984,0.0247,0.5225
71,25.657,238.8,0.9702,0.0247,0.5445
72,25.677,239.69,0.9678,0.0243,0.5644
73,25.697,240.59,0.9705,0.0235,0.5846
74,25.717,241.48,1.033,0.024,0.6009
75,25.737,242.39,1.0846,0.0256,0.5277
76,25.757,243.29,1.0525,0.0264,0.4191
77,25.777,244.18,1.0654,0.0276,0.45
78,25.797,245.08,1.0813,0.0285,0.4695
79,25.817,245.98,1.0796,0.0286,0.4941
80,25.837,246.87,1.0553,0.0266,0.5002
81,25.857,247.77,1.031,0.0334,0.5321
82,25.877,248.67,1.1242,0.0362,0.5661
83,25.897,249.57,1.3262,0.034,0.571
84,25.917,250.47,1.2719,0.0322,0.4996
85,25.937,251.37,1.2332,0.0301,0.4446
86,25.957,252.27,1.1361,0.0325,0.5047
87,25.977,253.16,1.1692,0.033,0.5093
88,25.997,254.06,1.3066,0.029,0.5163
89,26.017,254.96,1.3061,0.0281,0.4769
90,26.037,255.85,1.174,0.0278,0.4118
91,26.057,256.75,1.0666,0.0299,0.4737
92,26.077,257.65,0.9982,0.0289,0.5023
93,26.097,258.55,1.015,0.026,0.5295
94,26.117,259.44,1.0366,0.0257,0.5563
95,26.137,260.34,1.0404,0.0249,0.5784
96,26.157,261.23,1.0049,0.0248,0.5687
97,26.177,262.12,1.0005,0.025,0.5805
98,26.197,263.02,0.9925,0.0261,0.596
99,26.217,263.91,0.9687,0.0255,0.6126
100,26.237,264.81,0.9552,0.0245,0.629
101,26.257,265.71,0.957,0.0239,0.6326
102,26.277,266.6,0.9493,0.0225,0.6479
103,26.297,267.5,0.9488,0.02,0.6632
104,26.317,268.41,0.9565,0.0312,0.637
105,26.337,269.3,1.0791,0.0363,0.6508
106,26.357,270.2,1.314,0.0403,0.6159
107,26.377,271.1,1.4431,0.0406,0.4633
108,26.397,272.0,1.4114,0.0403,0.3849
109,26.417,272.9,1.1978,0.0393,0.38
110,26.437,273.79,1.1478,0.0391,0.4302
111,26.457,274.7,1.1274,0.0308,0.4756
112,26.477,275.59,1.0816,0.0269,0.4963
113,26.497,276.49,1.0777,0.0272,0.5045
114,26.517,277.39,1.0855,0.0272,0.5439
115,26.537,278.28,1.1039,0.0339,0.5318
116,26.557,279.18,1.2638,0.0398,0.5604
117,26.577,280.08,1.5369,0.0425,0.553
118,26.597,280.97,1.6251,0.0418,0.4258
119,26.617,281.87,1.5139,0.0409,0.3596
120,26.637,282.77,1.3168,0.0387,0.3623
121,26.657,283.67,1.1431,0.0344,0.3958
122,26.677,284.56,1.0865,0.0282,0.4208
123,26.697,285.46,1.0596,0.0228,0.4477
124,26.717,286.36,1.0964,0.0265,0.4604
125,26.737,287.25,1.271,0.0304,0.4701
126,26.757,288.15,1.4906,0.0317,0.4884
127,26.777,289.05,1.4291,0.0331,0.4231
128,26.797,289.94,1.2462,0.0354,0.4138
129,26.817,290.83,1.0819,0.0381,0.4235
130,26.837,291.73,1.0034,0.0376,0.4597
131,26.857,292.63,1.0121,0.0316,0.4875
132,26.877,293.53,1.0528,0.0304,0.5208
133,26.897,294.43,1.2667,0.0309,0.5496
134,26.917,295.33,1.3563,0.6243,
135,26.937,296.22,1.1229,0.5049,
136,26.957,297.12,0.9834,0.4894,
137,26.977,298.01,0.944,0.5309,
138,26.997,298.91,0.9208,0.5585,
139,27.01,299.5,0.9128,,
1,27.335,203.0,0.7664,,
2,27.355,203.89,0.806,0.4866,
3,27.375,204.79,0.8191,0.511,
4,27.395,205.69,0.8161,0.0241,0.5275
5,27.415,206.59,0.8169,0.024,0.5445
6,27.435,207.46,0.824,0.0239,0.5603
7,27.455,208.36,0.8271,0.0238,0.5779
8,27.475,209.25,0.8372,0.0233,0.5991
9,27.495,210.15,0.8472,0.0234,0.6234
10,27.515,211.04,0.8564,0.0232,0.6454
11,27.535,211.94,0.8837,0.0228,0.6475
12,27.555,212.83,0.8911,0.023,0.6493
13,27.575,213.73,0.8889,0.0236,0.638
14,27.595,214.62,0.889,0.0243,0.6314
15,27.615,215.52,0.8887,0.0251,0.6418
16,27.635,216.41,0.9458,0.0275,0.6648
17,27.655,217.31,1.0405,0.0287,0.6967
18,27.675,218.22,1.1022,0.027,0.6703
19,27.695,219.13,1.1408,0.0247,0.5939
20,27.715,220.03,1.0661,0.0185,0.5165
21,27.735,220.93,0.9493,0.0127,0.5718
22,27.755,221.83,0.8808,0.0082,0.6156
23,27.775,222.74,0.8834,0.0124,0.6378
24,27.795,223.64,0.9239,0.0315,0.6655
25,27.815,224.56,1.2266,0.0414,0.7135
26,27.835,225.47,1.6479,0.0439,0.7186
27,27.855,226.39,1.8013,0.0532,0.6618
28,27.875,227.31,2.357,0.0553,0.5242
29,27.895,228.23,2.224,0.0553,0.3587
30,27.915,229.14,1.7222,0.0512,0.3669
31,27.935,230.05,1.3643,0.045,0.4142
32,27.955,230.97,1.0801,0.0415,0.4676
33,27.975,231.87,0.9569,0.0362,0.6003
34,27.995,232.79,0.9977,0.0278,0.6537
35,28.015,233.7,1.0564,0.0248,0.6922
36,28.035,234.62,1.013,0.0238,0.6914
37,28.055,235.53,0.9874,0.024,0.6539
38,28.075,236.45,0.9876,0.0242,0.6793
39,28.095,237.36,0.9907,0.0239,0.7003
40,28.115,238.28,1.0042,0.0234,0.7171
41,28.135,239.19,0.9953,0.0234,0.7219
42,28.155,240.1,0.9861,0.0235,0.7153
43,28.175,241.01,0.9705,0.0237,0.7488
44,28.195,241.93,0.9758,0.0239,0.7457
45,28.215,242.83,0.9856,0.024,0.7427
46,28.235,243.74,0.9907,0.0247,0.7416
47,28.255,244.65,0.9856,0.0253,0.741
48,28.275,245.56,0.9775,0.025,0.7437
49,28.295,246.47,0.9819,0.0249,0.7445
50,28.315,247.38,0.9844,0.0252,0.7468
51,28.335,248.3,0.9812,0.0253,0.7492
52,28.355,249.21,0.99,0.0253,0.7445
53,28.375,250.12,0.9909,0.0252,0.7409
54,28.395,251.03,0.9906,0.0258,0.7386
55,28.415,251.94,0.9861,0.0256,0.7379
56,28.435,252.85,0.9823,0.0253,0.7406
57,28.455,253.76,0.9765,0.0254,0.7445
58,28.475,254.67,0.9702,0.0253,0.7489
59,28.495,255.59,0.9645,0.0249,0.7541
60,28.515,256.5,0.9647,0.0247,0.7534
61,28.535,257.43,0.9641,0.0238,0.7545
62,28.555,258.34,0.9649,0.0237,0.7664
63,28.575,259.26,0.972,0.0237,0.7733
64,28.595,260.18,0.9761,0.0237,0.7788
65,28.615,261.1,0.9741,0.0235,0.7798
66,28.635,262.02,0.9775,0.0235,0.7761
67,28.655,262.95,0.973,0.0233,0.7762
68,28.675,263.87,0.9723,0.0231,0.7784
69,28.695,264.78,0.9637,0.0229,0.7804
70,28.715,265.71,0.9565,0.0229,0.7864
71,28.735,266.64,0.9671,0.0234,0.7914
72,28.755,267.55,0.973,0.0236,0.7971
73,28.775,268.48,0.9805,0.0242,0.7984
74,28.795,269.41,0.998,0.0248,0.7954
75,28.815,270.33,1.0149,0.0257,0.7916
76,28.835,271.27,1.0352,0.0275,0.7878
77,28.855,272.2,1.0683,0.0284,0.7795
78,28.875,273.13,1.0562,0.029,0.7856
79,28.895,274.06,1.0648,0.0294,0.7867
80,28.915,274.99,1.0814,0.0293,0.763
81,28.935,275.9,1.0905,0.0304,0.7739
82,28.955,276.82,1.0964,0.0311,0.7845
83,28.975,277.72,1.1163,0.0304,0.7783
84,28.995,278.63,1.1221,0.03,0.7693
85,29.015,279.53,1.1116,0.0304,0.7719
86,29.035,280.43,1.0934,0.0303,0.7575
87,29.055,281.32,1.0762,0.0306,0.7722
88,29.075,282.22,1.0837,0.0299,0.7873
89,29.095,283.11,1.0856,0.03,0.7877
90,29.115,284.02,1.0927,0.0301,0.7936
91,29.135,284.91,1.0866,0.0307,0.7926
92,29.155,285.81,1.0683,0.0301,0.7779
93,29.175,286.71,1.0592,0.0296,0.766
94,29.195,287.6,1.042,0.0294,0.7562
95,29.215,288.49,1.0225,0.0297,0.7557
96,29.235,289.4,1.0213,0.0301,0.7554
97,29.255,290.3,1.0316,0.0306,0.7616
98,29.275,291.19,1.048,0.0309,0.762
99,29.295,292.08,1.0512,0.0311,0.7484
100,29.315,292.98,1.052,0.0313,0.7459
101,29.335,293.87,1.055,0.0318,0.7445
102,29.355,294.78,1.0622,0.0315,0.7505
103,29.375,295.67,1.0737,0.0311,0.7549
104,29.395,296.57,1.0732,0.0307,0.7541
105,29.415,297.47,1.0686,0.03,0.7659
106,29.435,298.37,1.071,0.0292,0.7779
107,29.455,299.27,1.0763,0.0294,0.7767
108,29.475,300.16,1.0734,0.0294,0.7966
109,29.495,301.06,1.075,0.0291,0.8044
110,29.515,301.95,1.0793,0.0281,0.8059
111,29.535,302.85,1.0801,0.029,0.8038
112,29.555,303.74,1.0912,0.0301,0.7997
113,29.575,304.65,1.1042,0.0297,0.8024
114,29.595,305.55,1.1005,0.0303,0.7931
115,29.615,306.45,1.1105,0.0303,0.7608
116,29.635,307.34,1.0913,0.0302,0.7509
117,29.655,308.25,1.0724,0.0301,0.779
118,29.675,309.15,1.0652,0.0287,0.7967
119,29.695,310.06,1.0581,0.0282,0.8089
120,29.715,310.95,1.055,0.0294,0.8179
121,29.735,311.86,1.0471,0.0284,0.8208
122,29.755,312.76,1.0454,0.0286,0.8143
123,29.775,313.66,1.0594,0.0291,0.7908
124,29.795,314.56,1.0581,0.0291,0.7768
125,29.815,315.47,1.05,0.0291,0.7743
126,29.835,316.36,1.0501,0.0289,0.7811
127,29.855,317.27,1.0402,0.0267,0.795
128,29.875,318.16,1.0241,0.0259,0.811
129,29.895,319.07,1.0215,0.025,0.829
130,29.915,319.97,1.0204,0.8409,
131,29.935,320.88,1.0266,0.8425,
132,29.955,321.78,1.0404,0.8276,
133,29.975,322.68,1.0684,0.8233,
134,29.995,323.58,1.0886,0.8397,
135,30.012,324.5,1.1244,,
1,30.301,180.5,0.9055,,
2,30.321,181.4,0.9399,0.6208,
3,30.341,182.31,0.9792,0.6486,
4,30.361,183.21,1.0086,0.0273,0.6632
5,30.381,184.12,1.0337,0.0289,0.6797
6,30.401,185.02,1.0566,0.03,0.7026
7,30.421,185.93,1.0766,0.0318,0.711
8,30.441,186.83,1.0838,0.0325,0.724
9,30.461,187.74,1.0871,0.0321,0.7395
10,30.481,188.64,1.0814,0.032,0.7368
11,30.501,189.55,1.0754,0.0322,0.7383
12,30.521,190.46,1.0553,0.0324,0.7609
13,30.541,191.37,1.0632,0.0317,0.7813
14,30.561,192.27,1.0621,0.0313,0.79
15,30.581,193.18,1.0702,0.0309,0.792
16,30.601,194.09,1.0597,0.03,0.8017
17,30.621,195.01,1.0563,0.0294,0.8201
18,30.641,195.91,1.0671,0.0294,0.8344
19,30.661,196.83,1.0668,0.0288,0.8427
20,30.681,197.74,1.0736,0.0287,0.8421
21,30.701,198.65,1.0686,0.0279,0.8317
22,30.721,199.56,1.0689,0.0278,0.835
23,30.741,200.48,1.0721,0.0286,0.8429
24,30.761,201.39,1.0824,0.0284,0.8447
25,30.781,202.3,1.0853,0.0281,0.8445
26,30.801,203.21,1.0926,0.0283,0.8396
27,30.821,204.13,1.0833,0.0283,0.8356
28,30.841,205.05,1.0799,0.0285,0.8329
29,30.861,205.96,1.0857,0.0292,0.8318
30,30.881,206.87,1.0824,0.0284,0.8336
31,30.901,207.79,1.0869,0.0287,0.836
32,30.921,208.7,1.0901,0.0296,0.8411
33,30.941,209.62,1.0949,0.0295,0.8425
34,30.961,210.53,1.0968,0.0292,0.8455
35,30.981,211.44,1.115,0.0298,0.8447
36,31.001,212.36,1.1092,0.0301,0.8264
37,31.021,213.28,1.0977,0.0295,0.8342
38,31.041,214.19,1.0985,0.0287,0.8328
39,31.061,215.11,1.1003,0.0295,0.8361
40,31.081,216.02,1.0989,0.0295,0.8356
41,31.101,216.93,1.0944,0.03,0.8419
42,31.121,217.85,1.1052,0.0297,0.8466
43,31.141,218.76,1.1338,0.0285,0.8616
44,31.161,219.68,1.1262,0.0274,0.8376
45,31.181,220.6,1.1259,0.0271,0.8224
46,31.201,221.53,1.079,0.0279,0.813
47,31.221,222.44,1.073,0.0286,0.8205
48,31.241,223.36,1.0751,0.0285,0.8275
49,31.261,224.28,1.0777,0.0285,0.8256
50,31.281,225.2,1.0732,0.0284,0.8273
51,31.301,226.12,1.0725,0.0281,0.8353
52,31.321,227.05,1.0635,0.0276,0.8508
53,31.341,227.97,1.0622,0.0275,0.8655
54,31.361,228.89,1.0721,0.0273,0.8686
55,31.381,229.83,1.0796,0.0275,0.87
56,31.401,230.75,1.1052,0.0281,0.8748
57,31.421,231.68,1.1087,0.0279,0.8569
58,31.441,232.6,1.1154,0.0283,0.8576
59,31.461,233.52,1.1301,0.0286,0.858
60,31.481,234.44,1.1224,0.0293,0.8629
61,31.501,235.37,1.1148,0.0307,0.8744
62,31.521,236.29,1.1316,0.0306,0.8639
63,31.541,237.22,1.1444,0.0303,0.851
64,31.561,238.15,1.1487,0.0308,0.8385
65,31.581,239.07,1.1475,0.0324,0.8424
66,31.601,240.0,1.1458,0.0332,0.8563
67,31.621,240.93,1.1422,0.0331,0.8676
68,31.641,241.85,1.1398,0.0331,0.8568
69,31.661,242.78,1.1419,0.0331,0.8495
70,31.681,243.71,1.1439,0.0326,0.85
71,31.701,244.64,1.1362,0.0325,0.8509
72,31.721,245.57,1.1149,0.0324,0.8607
73,31.741,246.52,1.1263,0.0322,0.8535
74,31.761,247.46,1.127,0.0319,0.8572
75,31.781,248.4,1.1316,0.0326,0.8569
76,31.801,249.34,1.1495,0.0324,0.8525
77,31.821,250.29,1.1531,0.0321,0.852
78,31.841,251.23,1.1613,0.0337,0.8629
79,31.861,252.19,1.1752,0.0341,0.8527
80,31.881,253.14,1.176,0.0346,0.8517
81,31.901,254.1,1.179,0.0345,0.8577
82,31.921,255.05,1.1841,0.035,0.8614
83,31.941,255.98,1.1844,0.036,0.8607
84,31.961,256.91,1.1809,0.0354,0.8568
85,31.981,257.82,1.1625,0.0347,0.853
86,32.001,258.74,1.1544,0.0344,0.8428
87,32.021,259.65,1.1502,0.0342,0.8431
88,32.041,260.56,1.1391,0.0338,0.8489
89,32.061,261.46,1.1451,0.0323,0.8529
90,32.081,262.37,1.149,0.0327,0.8542
91,32.101,263.27,1.1441,0.0322,0.8694
92,32.121,264.18,1.1377,0.0324,0.8861
93,32.141,265.07,1.1472,0.0325,0.89
94,32.161,265.98,1.1457,0.0322,0.8842
95,32.181,266.88,1.1483,0.0332,0.8737
96,32.201,267.78,1.1542,0.0341,0.8528
97,32.221,268.68,1.1599,0.0347,0.8442
98,32.241,269.58,1.1665,0.0344,0.8436
99,32.261,270.48,1.176,0.0351,0.8351
100,32.281,271.39,1.184,0.0357,0.8353
101,32.301,272.29,1.1728,0.036,0.8364
102,32.321,273.2,1.1695,0.0363,0.8371
103,32.341,274.1,1.1695,0.0369,0.8301
104,32.361,275.01,1.1659,0.0372,0.8315
105,32.381,275.91,1.1775,0.0378,0.8331
106,32.401,276.81,1.1897,0.0384,0.8431
107,32.421,277.72,1.19,0.0372,0.8531
108,32.441,278.62,1.2025,0.037,0.853
109,32.461,279.53,1.2075,0.0371,0.8543
110,32.481,280.43,1.2047,0.0375,0.8536
111,32.501,281.34,1.2108,0.0376,0.8589
112,32.521,282.24,1.2183,0.0376,0.8603
113,32.541,283.15,1.2269,0.0374,0.8572
114,32.561,284.05,1.2243,0.0372,0.8489
115,32.581,284.96,1.2184,0.0364,0.8443
116,32.601,285.86,1.1964,0.0354,0.8383
117,32.621,286.76,1.1879,0.0337,0.8325
118,32.641,287.66,1.1685,0.0325,0.8396
119,32.661,288.56,1.1596,0.0329,0.8534
120,32.681,289.46,1.168,0.0323,0.8563
121,32.701,290.37,1.1717,0.0329,0.8582
122,32.721,291.27,1.1818,0.0333,0.8538
123,32.741,292.19,1.1799,0.0337,0.8525
124,32.761,293.09,1.1734,0.0337,0.8581
125,32.781,294.0,1.1675,0.0338,0.8597
126,32.801,294.9,1.1494,0.033,0.8768
127,32.821,295.81,1.1425,0.0318,0.8819
128,32.841,296.72,1.1524,0.0306,0.881
129,32.861,297.63,1.1454,0.0296,0.8945
130,32.881,298.53,1.1414,0.0289,0.9014
131,32.901,299.44,1.1396,0.0293,0.8954
132,32.921,300.34,1.1406,0.8887,
133,32.941,301.24,1.1414,0.8866,
134,32.961,302.14,1.1497,0.8827,
135,32.981,303.05,1.1632,0.875,
136,33.001,303.95,1.1602,0.8723,
137,33.011,304.5,1.1627,,
1,33.297,196.5,1.0583,,
2,33.317,197.4,1.0931,0.6509,
3,33.337,198.32,1.1209,0.6793,
4,33.357,199.22,1.1319,0.0387,0.6977
5,33.377,200.14,1.1398,0.0389,0.7188
6,33.397,201.05,1.1465,0.0389,0.7559
7,33.417,201.97,1.1479,0.039,0.79
8,33.437,202.88,1.1635,0.0387,0.7995
9,33.457,203.8,1.1771,0.038,0.8163
10,33.477,204.72,1.188,0.0373,0.8269
11,33.497,205.63,1.1872,0.0376,0.8369
12,33.517,206.54,1.1949,0.0379,0.8499
13,33.537,207.46,1.1956,0.038,0.8652
14,33.557,208.38,1.1912,0.0371,0.8694
15,33.577,209.29,1.1934,0.0363,0.8676
16,33.597,210.21,1.1882,0.036,0.8813
17,33.617,211.12,1.1779,0.0356,0.8909
18,33.637,212.03,1.1794,0.035,0.8818
19,33.657,212.95,1.1776,0.0342,0.8707
20,33.677,213.86,1.1733,0.0335,0.8679
21,33.697,214.78,1.1721,0.0336,0.8676
22,33.717,215.69,1.1698,0.0339,0.8609
23,33.737,216.61,1.1721,0.0323,0.8623
24,33.757,217.52,1.1837,0.0312,0.8576
25,33.777,218.44,1.1997,0.031,0.8592
26,33.797,219.36,1.2057,0.036,0.8575
27,33.817,220.27,1.1965,0.0367,0.854
28,33.837,221.18,1.1931,0.037,0.8442
29,33.857,222.09,1.1891,0.0363,0.8397
30,33.877,223.0,1.199,0.0363,0.8461
31,33.897,223.92,1.2419,0.0367,0.8653
32,33.917,224.85,1.228,0.0363,0.8703
33,33.937,225.76,1.2052,0.0358,0.8506
34,33.957,226.68,1.1897,0.035,0.843
35,33.977,227.6,1.1735,0.0343,0.846
36,33.997,228.52,1.1637,0.0341,0.871
37,34.017,229.43,1.1492,0.0329,0.8901
38,34.037,230.35,1.1504,0.032,0.9026
39,34.057,231.27,1.1592,0.0318,0.9045
40,34.077,232.18,1.1647,0.0327,0.906
41,34.097,233.09,1.1628,0.033,0.8893
42,34.117,234.02,1.1702,0.0332,0.8582
43,34.137,234.93,1.1626,0.0327,0.8446
44,34.157,235.85,1.1448,0.0326,0.845
45,34.177,236.78,1.1329,0.032,0.8537
46,34.197,237.7,1.1247,0.032,0.8579
47,34.217,238.62,1.1204,0.0317,0.851
48,34.237,239.54,1.1171,0.0318,0.8439
49,34.257,240.46,1.1278,0.0315,0.8204
50,34.277,241.38,1.1517,0.0311,0.8115
51,34.297,242.3,1.1472,0.0311,0.8073
52,34.317,243.21,1.1435,0.0309,0.8286
53,34.337,244.14,1.1372,0.0314,0.8487
54,34.357,245.07,1.1374,0.0319,0.8647
55,34.377,245.99,1.149,0.0324,0.8607
56,34.397,246.91,1.1575,0.0327,0.8615
57,34.417,247.85,1.1677,0.0332,0.8505
58,34.437,248.78,1.1633,0.0333,0.821
59,34.457,249.7,1.1509,0.0333,0.8201
60,34.477,250.63,1.1491,0.0341,0.8336
61,34.497,251.56,1.1443,0.034,0.8425
62,34.517,252.48,1.1444,0.0332,0.8548
63,34.537,253.4,1.143,0.0325,0.8549
64,34.557,254.3,1.1472,0.0325,0.8522
65,34.577,255.22,1.1445,0.0334,0.8608
66,34.597,256.12,1.1421,0.0337,0.8672
67,34.617,257.04,1.1435,0.0334,0.8646
68,34.637,257.94,1.1443,0.0333,0.8563
69,34.657,258.85,1.1408,0.033,0.8552
70,34.677,259.75,1.139,0.0329,0.8711
71,34.697,260.66,1.1417,0.0336,0.8811
72,34.717,261.56,1.1538,0.0338,0.8773
73,34.737,262.47,1.1649,0.0338,0.8738
74,34.757,263.36,1.1812,0.0354,0.8627
75,34.777,264.27,1.184,0.0363,0.8521
76,34.797,265.17,1.1922,0.0371,0.8592
77,34.817,266.07,1.2055,0.0377,0.8601
78,34.837,266.97,1.22,0.0377,0.861
79,34.857,267.87,1.2281,0.0377,0.8714
80,34.877,268.77,1.2573,0.0387,0.8797
81,34.897,269.67,1.2835,0.0391,0.8818
82,34.917,270.56,1.3013,0.0398,0.8767
83,34.937,271.46,1.3107,0.0401,0.8546
84,34.957,272.37,1.3182,0.0406,0.8374
85,34.977,273.27,1.3116,0.0416,0.8186
86,34.997,274.17,1.2945,0.0418,0.812
87,35.017,275.07,1.2765,0.0418,0.8206
88,35.037,275.97,1.2641,0.0415,0.8188
89,35.057,276.87,1.2476,0.04,0.8175
90,35.077,277.77,1.223,0.0389,0.8349
91,35.097,278.67,1.1953,0.0381,0.8364
92,35.117,279.57,1.1738,0.0372,0.8452
93,35.137,280.47,1.157,0.0345,0.8383
94,35.157,281.38,1.1575,0.0324,0.8401
95,35.177,282.28,1.1475,0.0312,0.8569
96,35.197,283.19,1.1341,0.0307,0.87
97,35.217,284.09,1.1325,0.0306,0.885
98,35.237,285.0,1.141,0.0302,0.8848
99,35.257,285.89,1.1511,0.0308,0.877
100,35.277,286.8,1.1542,0.0303,0.8831
101,35.297,287.7,1.1596,0.0303,0.8852
102,35.317,288.61,1.1638,0.0316,0.87
103,35.337,289.51,1.1662,0.0334,0.8656
104,35.357,290.42,1.1866,0.037,0.8564
105,35.377,291.32,1.2295,0.039,0.8423
106,35.397,292.23,1.254,0.0404,0.8228
107,35.417,293.14,1.2559,0.0402,0.7889
108,35.437,294.05,1.2384,0.0412,0.7774
109,35.457,294.95,1.2138,0.0418,0.7858
110,35.477,295.85,1.1996,0.0413,0.7909
111,35.497,296.76,1.2026,0.0393,0.7938
112,35.517,297.66,1.2025,0.0374,0.783
113,35.537,298.57,1.1715,0.0339,0.8014
114,35.557,299.47,1.1459,0.0331,0.8243
115,35.577,300.38,1.1484,0.0322,0.8461
116,35.597,301.28,1.1632,0.0308,0.8674
117,35.617,302.19,1.1728,0.0308,0.8818
118,35.637,303.1,1.1994,0.0301,0.8737
119,35.657,304.0,1.2152,0.0304,0.8506
120,35.677,304.9,1.2091,0.0319,0.8303
121,35.697,305.81,1.1959,0.0325,0.8315
122,35.717,306.71,1.1826,0.0328,0.8477
123,35.737,307.61,1.1876,0.0323,0.8506
124,35.757,308.51,1.1712,0.0303,0.8512
125,35.777,309.42,1.1508,0.0304,0.8628
126,35.797,310.32,1.1597,0.0308,0.8712
127,35.817,311.23,1.1653,0.0316,0.8898
128,35.837,312.13,1.1648,0.0318,0.9097
129,35.857,313.04,1.1853,0.0322,0.8899
130,35.877,313.94,1.1945,0.0306,0.8706
131,35.897,314.85,1.1944,0.0311,0.863
132,35.917,315.76,1.1731,0.8679,
133,35.937,316.67,1.1624,0.8795,
134,35.957,317.57,1.1628,0.8977,
135,35.977,318.48,1.1788,0.9208,
136,35.997,319.38,1.2008,0.9168,
137,36.007,320.0,1.2158,,
1,36.303,185.0,0.9965,,
2,36.323,185.92,1.0161,0.6152,
3,36.343,186.84,1.0282,0.6248,
4,36.363,187.77,1.0491,0.0322,0.6458
5,36.383,188.69,1.0851,0.0327,0.6816
6,36.403,189.62,1.1331,0.0335,0.7236
7,36.423,190.54,1.1398,0.0354,0.7481
8,36.443,191.46,1.1462,0.0361,0.7536
9,36.463,192.39,1.1379,0.0361,0.7787
10,36.483,193.32,1.1316,0.0353,0.7963
11,36.503,194.24,1.1294,0.0342,0.8156
12,36.523,195.17,1.1274,0.0327,0.8561
13,36.543,196.1,1.1358,0.0325,0.8981
14,36.563,197.02,1.1399,0.0327,0.9213
15,36.583,197.95,1.1595,0.0322,0.9198
16,36.603,198.87,1.1816,0.0313,0.9084
17,36.623,199.8,1.2018,0.0308,0.9162
18,36.643,200.73,1.2055,0.0328,0.932
19,36.663,201.66,1.2089,0.0347,0.9185
20,36.683,202.58,1.2195,0.036,0.9192
21,36.703,203.52,1.2584,0.0372,0.9044
22,36.723,204.45,1.2732,0.0379,0.8943
23,36.743,205.38,1.2876,0.0383,0.9031
24,36.763,206.31,1.3073,0.0351,0.9083
25,36.783,207.25,1.3185,0.0347,0.9015
26,36.803,208.18,1.3159,0.0405,0.9095
27,36.823,209.11,1.3332,0.0419,0.9216
28,36.843,210.03,1.3966,0.0449,0.9306
29,36.863,210.94,1.4932,0.0482,0.9373
30,36.883,211.86,1.5329,0.0487,0.9261
31,36.903,212.76,1.6023,0.0488,0.8407
32,36.923,213.68,1.5254,0.0495,0.7008
33,36.943,214.58,1.4331,0.0492,0.7359
34,36.963,215.49,1.3558,0.0476,0.7938
35,36.983,216.39,1.3384,0.0446,0.838
36,37.003,217.3,1.3293,0.0411,0.8682
37,37.023,218.2,1.3161,0.0395,0.8991
38,37.043,219.11,1.3232,0.0382,0.908
39,37.063,220.0,1.3231,0.0377,0.9243
40,37.083,220.9,1.3269,0.0404,0.9282
41,37.103,221.79,1.3326,0.0389,0.9374
42,37.123,222.69,1.3421,0.0408,0.9538
43,37.143,223.59,1.4262,0.0436,0.9594
44,37.163,224.5,1.484,0.0451,0.9623
45,37.183,225.4,1.5039,0.047,0.8817
46,37.203,226.31,1.5188,0.0485,0.782
47,37.223,227.2,1.426,0.0486,0.7949
48,37.243,228.11,1.3723,0.0503,0.8407
49,37.263,229.01,1.3426,0.0471,0.8769
50,37.283,229.92,1.3219,0.0433,0.9062
51,37.303,230.82,1.3196,0.0431,0.9259
52,37.323,231.73,1.355,0.0429,0.9399
53,37.343,232.62,1.395,0.0421,0.9391
54,37.363,233.51,1.4154,0.0397,0.9065
55,37.383,234.41,1.3654,0.0408,0.8802
56,37.403,235.3,1.3427,0.0418,0.914
57,37.423,236.21,1.3526,0.0423,0.9373
58,37.443,237.1,1.3739,0.0411,0.9441
59,37.463,238.01,1.3731,0.0402,0.8871
60,37.483,238.91,1.3705,0.04,0.9151
61,37.503,239.81,1.3606,0.0393,0.9377
62,37.523,240.71,1.368,0.039,0.9629
63,37.543,241.61,1.3779,0.0384,0.9773
64,37.563,242.5,1.3624,0.0388,0.9814
65,37.583,243.42,1.3389,0.0383,0.9847
66,37.603,244.31,1.345,0.0376,0.9699
67,37.623,245.22,1.3461,0.0376,0.9687
68,37.643,246.12,1.3563,0.0384,0.9883
69,37.663,247.03,1.3606,0.0397,0.9998
70,37.683,247.93,1.358,0.0395,0.9843
71,37.703,248.83,1.3457,0.0403,0.9606
72,37.723,249.73,1.3232,0.0407,0.9583
73,37.743,250.64,1.313,0.0399,0.9707
74,37.763,251.54,1.3173,0.0392,0.9859
75,37.783,252.45,1.3078,0.0383,0.998
76,37.803,253.34,1.3243,0.0386,1.0164
77,37.823,254.25,1.3522,0.0373,1.0065
78,37.843,255.14,1.364,0.0361,1.0063
79,37.863,256.06,1.3437,0.0354,0.9904
80,37.883,256.96,1.3367,0.0349,1.0038
81,37.903,257.87,1.3243,0.0355,1.0095
82,37.923,258.77,1.3216,0.0357,0.9956
83,37.943,259.67,1.3078,0.035,0.9933
84,37.963,260.58,1.3032,0.0359,1.0032
85,37.983,261.48,1.3086,0.0363,0.9989
86,38.003,262.39,1.3174,0.0352,0.993
87,38.023,263.29,1.3199,0.0353,0.9867
88,38.043,264.19,1.319,0.0357,0.9804
89,38.063,265.09,1.3214,0.0368,0.9839
90,38.083,266.01,1.324,0.0372,0.9884
91,38.103,266.91,1.3252,0.0382,0.9834
92,38.123,267.82,1.3331,0.0373,0.9787
93,38.143,268.72,1.336,0.0375,0.9919
94,38.163,269.63,1.3329,0.0378,1.0024
95,38.183,270.53,1.33,0.0379,1.0046
96,38.203,271.44,1.3199,0.0373,1.0128
97,38.223,272.34,1.3182,0.0369,1.0089
98,38.243,273.25,1.3108,0.0364,1.0169
99,38.263,274.15,1.3141,0.0365,1.015
100,38.283,275.06,1.3206,0.0366,1.0218
101,38.303,275.97,1.3207,0.037,1.0214
102,38.323,276.87,1.3361,0.0371,1.0214
103,38.343,277.77,1.3444,0.0368,1.0111
104,38.363,278.68,1.3402,0.0354,1.0107
105,38.383,279.59,1.3223,0.0342,1.0093
106,38.403,280.5,1.3124,0.0351,1.0086
107,38.423,281.41,1.3129,0.0357,1.0068
108,38.443,282.32,1.3644,0.0363,1.0083
109,38.463,283.23,1.404,0.0372,1.0143
110,38.483,284.13,1.4263,0.0385,0.8647
111,38.503,285.05,1.3668,0.0389,0.8289
112,38.523,285.95,1.3414,0.037,0.8642
113,38.543,286.87,1.3382,0.0363,0.9102
114,38.563,287.77,1.3168,0.0363,0.9341
115,38.583,288.67,1.2942,0.0355,0.958
116,38.603,289.56,1.2794,0.0345,0.9748
117,38.623,290.47,1.2843,0.0354,0.9806
118,38.643,291.38,1.3149,0.0357,0.9823
119,38.663,292.29,1.333,0.0354,0.9911
120,38.683,293.2,1.3374,0.0362,1.0014
121,38.703,294.11,1.3366,0.0373,1.01
122,38.723,295.02,1.3492,0.0378,1.01
123,38.743,295.93,1.3519,0.0379,0.989
124,38.763,296.84,1.3525,0.039,0.9753
125,38.783,297.76,1.3665,0.04,0.978
126,38.803,298.67,1.3812,0.0402,0.9839
127,38.823,299.58,1.3813,0.0422,0.9886
128,38.843,300.49,1.3868,0.0438,0.9934
129,38.863,301.4,1.3882,0.0431,1.0016
130,38.883,302.3,1.3899,0.0414,0.9969
131,38.903,303.22,1.4001,0.0405,1.0
132,38.923,304.12,1.4164,1.0214,
133,38.943,305.04,1.4364,1.0412,
134,38.963,305.94,1.4315,0.993,
135,38.983,306.85,1.4179,0.976,
136,39.003,307.87,1.4077,,
1,39.297,247.5,1.1662,,
2,39.317,248.43,1.193,0.7561,
3,39.337,249.37,1.2084,0.7903,
4,39.357,250.32,1.2271,0.0375,0.825
5,39.377,251.26,1.231,0.0374,0.8613
6,39.397,252.19,1.2404,0.0381,0.9141
7,39.417,253.13,1.2768,0.038,0.9255
8,39.437,254.07,1.2886,0.0376,0.9303
9,39.457,255.01,1.3125,0.0379,0.9159
10,39.477,255.95,1.3197,0.039,0.9246
11,39.497,256.89,1.327,0.0408,0.9358
12,39.517,257.84,1.3172,0.0408,0.9234
13,39.537,258.78,1.3059,0.039,0.9292
14,39.557,259.72,1.2989,0.0391,0.9344
15,39.577,260.66,1.2885,0.0392,0.9542
16,39.597,261.61,1.2661,0.0379,0.9711
17,39.617,262.55,1.2791,0.0367,0.9737
18,39.637,263.49,1.2983,0.0354,0.9732
19,39.657,264.43,1.296,0.035,0.9748
20,39.677,265.38,1.2913,0.0353,0.9587
21,39.697,266.32,1.293,0.0359,0.933
22,39.717,267.27,1.2874,0.0344,0.9461
23,39.737,268.22,1.2845,0.0341,0.9597
24,39.757,269.17,1.2745,0.0349,0.9606
25,39.777,270.12,1.2601,0.0376,0.9535
26,39.797,271.07,1.2483,0.0375,0.9467
27,39.817,272.03,1.2464,0.0372,0.9332
28,39.837,272.96,1.2426,0.0361,0.9178
29,39.857,273.91,1.2425,0.0356,0.9059
30,39.877,274.87,1.2454,0.0355,0.9134
31,39.897,275.83,1.2407,0.0347,0.9098
32,39.917,276.79,1.2409,0.0341,0.9123
33,39.937,277.74,1.2515,0.0344,0.9149
34,39.957,278.69,1.2524,0.0351,0.9193
35,39.977,279.63,1.2428,0.0348,0.9209
36,39.997,280.54,1.2481,0.035,0.9195
37,40.017,281.45,1.2582,0.0349,0.9153
38,40.037,282.38,1.254,0.0354,0.913
39,40.057,283.28,1.2393,0.035,0.9212
40,40.077,284.2,1.234,0.0342,0.9284
41,40.097,285.11,1.2317,0.0335,0.9307
42,40.117,286.02,1.2251,0.0325,0.9282
43,40.137,286.93,1.2224,0.0323,0.9386
44,40.157,287.84,1.2223,0.0325,0.9509
45,40.177,288.74,1.2222,0.0324,0.9254
46,40.197,289.65,1.2108,0.0329,0.9056
47,40.217,290.55,1.2064,0.0348,0.9224
48,40.237,291.46,1.3647,0.036,0.9282
49,40.257,292.36,1.4527,0.0351,0.8195
50,40.277,293.27,1.4078,0.0343,0.8224
51,40.297,294.17,1.3304,0.0339,0.8369
52,40.317,295.08,1.2812,0.0341,0.8266
53,40.337,295.98,1.2121,0.0339,0.8787
54,40.357,296.89,1.2124,0.0337,0.919
55,40.377,297.79,1.2223,0.0327,0.9338
56,40.397,298.69,1.2369,0.033,0.9317
57,40.417,299.6,1.244,0.0343,0.941
58,40.437,300.5,1.2499,0.0364,0.9414
59,40.457,301.41,1.2654,0.0377,0.9409
60,40.477,302.31,1.2962,0.0392,0.9302
61,40.497,303.22,1.3166,0.0403,0.9221
62,40.517,304.13,1.3194,0.0414,0.9101
63,40.537,305.04,1.3018,0.0403,0.8989
64,40.557,305.94,1.284,0.0388,0.8875
65,40.577,306.85,1.2608,0.038,0.9033
66,40.597,307.75,1.2487,0.0384,0.9211
67,40.617,308.66,1.2356,0.0385,0.9338
68,40.637,309.56,1.2484,0.0377,0.909
69,40.657,310.47,1.2634,0.0366,0.8917
70,40.677,311.37,1.2684,0.0377,0.8925
71,40.697,312.28,1.279,0.038,0.9094
72,40.717,313.19,1.2761,0.0364,0.9315
73,40.737,314.09,1.2399,0.0348,0.9172
74,40.757,314.99,1.2159,0.0332,0.8972
75,40.777,315.9,1.2217,0.0315,0.9203
76,40.797,316.8,1.2428,0.0305,0.9599
77,40.817,317.71,1.2416,0.0285,0.9303
78,40.837,318.61,1.2024,0.0273,0.9412
79,40.857,319.52,1.1795,0.0268,0.942
80,40.877,320.42,1.1879,0.0271,0.9631
81,40.897,321.33,1.1868,0.0267,0.9723
82,40.917,322.23,1.1917,0.028,0.9716
83,40.937,323.13,1.2001,0.0296,0.9691
84,40.957,324.04,1.2053,0.0312,0.963
85,40.977,324.94,1.2103,0.0306,0.9445
86,40.997,325.84,1.2127,0.0306,0.9253
87,41.017,326.75,1.205,0.0302,0.9132
88,41.037,327.66,1.1952,0.0304,0.926
89,41.057,328.56,1.1781,0.0299,0.9574
90,41.077,329.47,1.194,0.0298,0.9659
91,41.097,330.37,1.2179,0.0308,0.9577
92,41.117,331.28,1.236,0.0316,0.9484
93,41.137,332.18,1.2336,0.0321,0.9438
94,41.157,333.09,1.2346,0.0326,0.9324
95,41.177,333.99,1.2444,0.0323,0.9372
96,41.197,334.9,1.2548,0.033,0.9601
97,41.217,335.81,1.2483,0.0338,0.9887
98,41.237,336.72,1.2646,0.0341,1.002
99,41.257,337.62,1.2899,0.0345,1.0098
100,41.277,338.53,1.3024,0.0343,0.9931
101,41.297,339.43,1.3061,0.0342,0.9866
102,41.317,340.35,1.3005,0.0346,0.9944
103,41.337,341.25,1.2913,0.0348,1.0104
104,41.357,342.17,1.2984,0.0351,1.0223
105,41.377,343.07,1.3106,0.0351,1.0287
106,41.397,343.99,1.3204,0.0351,1.0295
107,41.417,344.89,1.3386,0.036,1.0277
108,41.437,345.8,1.3497,0.0367,1.0163
109,41.457,346.7,1.3556,0.0363,1.0067
110,41.477,347.61,1.3611,0.0353,0.9949
111,41.497,348.52,1.348,0.0352,1.0086
112,41.517,349.42,1.3396,0.0355,1.0304
113,41.537,350.33,1.3289,0.0351,1.0574
114,41.557,351.23,1.3347,0.0346,1.0572
115,41.577,352.14,1.3458,0.0347,1.032
116,41.597,353.05,1.3496,0.0356,1.015
117,41.617,353.96,1.3496,0.0366,1.0146
118,41.637,354.86,1.3474,0.0364,1.0167
119,41.657,355.77,1.3514,0.0365,1.0238
120,41.677,356.68,1.3523,0.0362,1.0292
121,41.697,357.59,1.3543,0.036,1.036
122,41.717,358.5,1.3465,0.0362,1.0453
123,41.737,359.42,1.3593,0.0356,1.0449
124,41.757,360.33,1.3616,0.0358,1.0456
125,41.777,361.24,1.3639,0.0364,1.0411
126,41.797,362.15,1.3647,0.0367,1.0362
127,41.817,363.07,1.3689,0.0367,1.0454
128,41.837,363.98,1.3745,0.0365,1.0431
129,41.857,364.89,1.3762,0.036,1.046
130,41.877,365.8,1.3768,0.0365,1.0471
131,41.897,366.71,1.3778,0.0365,1.055
132,41.917,367.62,1.3714,1.0604,
133,41.937,368.53,1.3684,1.054,
134,41.957,369.43,1.3756,1.0579,
135,41.977,370.34,1.3761,1.0654,
136,41.997,371.27,1.3932,,
1,42.297,199.0,1.1544,,
2,42.317,199.91,1.1671,0.7521,
3,42.337,200.82,1.1867,0.7937,
4,42.357,201.73,1.2238,0.035,0.8395
5,42.377,202.64,1.2484,0.0355,0.8753
6,42.397,203.55,1.2723,0.0353,0.8979
7,42.417,204.46,1.2872,0.0359,0.9219
8,42.437,205.37,1.3028,0.0363,0.9395
9,42.457,206.29,1.3295,0.0369,0.9649
10,42.477,207.19,1.3555,0.0373,0.9893
11,42.497,208.11,1.3693,0.0374,0.9892
12,42.517,209.02,1.3647,0.0375,0.9878
13,42.537,209.94,1.3706,0.0378,0.9934
14,42.557,210.85,1.3836,0.0384,1.0164
15,42.577,211.77,1.3942,0.038,1.024
16,42.597,212.69,1.3935,0.0378,1.0334
17,42.617,213.61,1.3865,0.038,1.0221
18,42.637,214.52,1.3821,0.0381,1.0186
19,42.657,215.45,1.3735,0.0389,1.0261
20,42.677,216.36,1.3699,0.0385,1.0295
21,42.697,217.28,1.3793,0.0379,1.0412
22,42.717,218.2,1.3815,0.0373,1.0478
23,42.737,219.12,1.3803,0.0376,1.0437
24,42.757,220.03,1.3725,0.038,1.0317
25,42.777,220.95,1.3728,0.0377,1.0343
26,42.797,221.88,1.3874,0.0376,1.0165
27,42.817,222.8,1.3928,0.0383,0.9894
28,42.837,223.72,1.3996,0.0378,0.993
29,42.857,224.64,1.4062,0.0386,1.0124
30,42.877,225.57,1.4248,0.0373,0.9921
31,42.897,226.49,1.4361,0.0412,0.9755
32,42.917,227.41,1.4373,0.042,0.9749
33,42.937,228.33,1.4309,0.0421,0.9816
34,42.957,229.25,1.4306,0.0424,0.9912
35,42.977,230.17,1.4208,0.0426,0.9893
36,42.997,231.09,1.4565,0.0415,0.9852
37,43.017,232.02,1.445,0.0419,0.9835
38,43.037,232.95,1.4501,0.0417,0.9879
39,43.057,233.87,1.4572,0.0414,1.0082
40,43.077,234.8,1.4532,0.0409,1.0059
41,43.097,235.73,1.455,0.0403,1.0022
42,43.117,236.65,1.454,0.0399,1.0148
43,43.137,237.58,1.448,0.0404,1.0279
44,43.157,238.51,1.443,0.04,1.027
45,43.177,239.44,1.4443,0.0404,1.0275
46,43.197,240.37,1.4401,0.0403,1.0228
47,43.217,241.31,1.4368,0.0398,1.0223
48,43.237,242.24,1.4243,0.0383,1.0329
49,43.257,243.18,1.4216,0.0378,1.0236
50,43.277,244.11,1.4057,0.0373,1.0122
51,43.297,245.05,1.3918,0.0376,1.0218
52,43.317,246.0,1.3933,0.0371,1.0495
53,43.337,246.94,1.4141,0.0378,1.0311
54,43.357,247.88,1.4198,0.0378,1.0032
55,43.377,248.82,1.4233,0.0388,0.998
56,43.397,249.74,1.4204,0.0394,0.9889
57,43.417,250.65,1.4169,0.0398,0.9882
58,43.437,251.56,1.4243,0.0415,0.9924
59,43.457,252.47,1.43,0.0428,0.997
60,43.477,253.38,1.4395,0.043,0.9924
61,43.497,254.29,1.4543,0.0435,0.9856
62,43.517,255.19,1.4624,0.0441,0.9748
63,43.537,256.11,1.4501,0.0443,0.9708
64,43.557,257.01,1.4356,0.0443,0.9786
65,43.577,257.92,1.4458,0.0444,0.9877
66,43.597,258.81,1.4567,0.0434,0.9873
67,43.617,259.72,1.4727,0.0427,0.9859
68,43.637,260.62,1.4703,0.0424,0.984
69,43.657,261.53,1.4674,0.0429,0.9956
70,43.677,262.43,1.4556,0.0435,1.006
71,43.697,263.34,1.4564,0.0436,1.0138
72,43.717,264.24,1.4636,0.0429,1.006
73,43.737,265.15,1.464,0.0412,0.9969
74,43.757,266.06,1.4626,0.0406,0.9998
75,43.777,266.97,1.4601,0.0398,1.0061
76,43.797,267.87,1.4505,0.0396,1.0179
77,43.817,268.78,1.4784,0.0393,1.0298
78,43.837,269.68,1.5188,0.0386,1.0193
79,43.857,270.59,1.4818,0.0389,1.0052
80,43.877,271.49,1.454,0.0397,0.9836
81,43.897,272.39,1.4466,0.0415,0.9801
82,43.917,273.3,1.4352,0.0438,1.0118
83,43.937,274.2,1.454,0.0433,1.0073
84,43.957,275.1,1.4709,0.044,0.9881
85,43.977,276.0,1.4779,0.045,0.9634
86,43.997,276.92,1.4685,0.0445,0.9449
87,44.017,277.82,1.4571,0.0436,0.9328
88,44.037,278.73,1.4415,0.0429,0.9326
89,44.057,279.63,1.4252,0.0416,0.9303
90,44.077,280.54,1.4049,0.0401,0.9481
91,44.097,281.44,1.3836,0.0381,0.9557
92,44.117,282.35,1.3675,0.0364,0.9524
93,44.137,283.26,1.3617,0.0356,0.9521
94,44.157,284.16,1.3465,0.0343,0.9706
95,44.177,285.05,1.3388,0.0345,0.975
96,44.197,285.96,1.3519,0.0334,0.9997
97,44.217,286.86,1.3551,0.0346,1.0103
98,44.237,287.77,1.3527,0.0347,1.0988
99,44.257,288.68,1.4021,0.0369,1.0794
100,44.277,289.59,1.4372,0.0365,1.0613
101,44.297,290.49,1.4762,0.0337,1.0351
102,44.317,291.4,1.4853,0.0322,1.0066
103,44.337,292.3,1.4762,0.0338,1.0099
104,44.357,293.21,1.4193,0.0341,1.0566
105,44.377,294.11,1.3888,0.0335,1.1117
106,44.397,295.03,1.3866,0.0323,1.1107
107,44.417,295.93,1.3808,0.0312,1.0747
108,44.437,296.83,1.3725,0.0304,1.0868
109,44.457,297.73,1.3796,0.0305,1.1172
110,44.477,298.64,1.3814,0.0314,1.1081
111,44.497,299.55,1.3827,0.0351,1.1426
112,44.517,300.45,1.4346,0.0372,1.1312
113,44.537,301.36,1.4831,0.0377,1.0818
114,44.557,302.27,1.5223,0.038,1.0085
115,44.577,303.17,1.5113,0.0396,1.0258
116,44.597,304.07,1.4865,0.0403,1.081
117,44.617,304.99,1.4949,0.0416,1.0951
118,44.637,305.89,1.5117,0.0431,1.0948
119,44.657,306.8,1.5496,0.0427,1.0969
120,44.677,307.7,1.5794,0.0424,1.0995
121,44.697,308.61,1.5968,0.043,1.0843
122,44.717,309.51,1.6007,0.0453,1.0963
123,44.737,310.43,1.6474,0.0451,1.0991
124,44.757,311.33,1.6852,0.0452,1.0762
125,44.777,312.25,1.7292,0.0457,0.9395
126,44.797,313.15,1.6826,0.0462,0.9959
127,44.817,314.06,1.6152,0.0464,1.062
128,44.837,314.97,1.5919,0.0461,1.0818
129,44.857,315.88,1.5794,0.0461,1.0943
130,44.877,316.78,1.5639,0.046,1.1048
131,44.897,317.7,1.5581,0.0446,1.1107
132,44.917,318.6,1.5603,1.1027,
133,44.937,319.52,1.5534,1.0979,
134,44.957,320.42,1.5468,1.0947,
135,44.977,321.33,1.5388,1.0925,
136,44.997,322.22,1.5218,1.0855,
1,45.297,224.0,1.2403,,
2,45.317,224.91,1.2441,0.7477,
3,45.337,225.83,1.2598,0.7839,
4,45.357,226.73,1.294,0.0412,0.8144
5,45.377,227.65,1.3477,0.0415,0.8286
6,45.397,228.56,1.3677,0.0427,0.8655
7,45.417,229.47,1.3811,0.0444,0.8958
8,45.437,230.38,1.4111,0.045,0.9178
9,45.457,231.29,1.4349,0.0454,0.9717
10,45.477,232.21,1.4499,0.0462,1.004
11,45.497,233.12,1.4496,0.0455,0.9988
12,45.517,234.03,1.4374,0.0441,0.9896
13,45.537,234.95,1.4195,0.0436,1.0002
14,45.557,235.87,1.3975,0.0427,1.0028
15,45.577,236.79,1.385,0.0422,0.9997
16,45.597,237.7,1.3868,0.0411,1.0063
17,45.617,238.61,1.382,0.041,1.0044
18,45.637,239.53,1.3928,0.0406,1.0143
19,45.657,240.45,1.4135,0.0396,1.0551
20,45.677,241.37,1.4136,0.0401,1.0587
21,45.697,242.29,1.4458,0.0401,1.0446
22,45.717,243.2,1.4655,0.0395,1.0623
23,45.737,244.12,1.5054,0.0405,1.059
24,45.757,245.04,1.5443,0.0403,1.0126
25,45.777,245.96,1.5259,0.041,1.0167
26,45.797,246.89,1.4984,0.047,1.0081
27,45.817,247.81,1.4871,0.0485,0.9837
28,45.837,248.73,1.4605,0.0484,0.9928
29,45.857,249.66,1.4304,0.0471,1.0006
30,45.877,250.58,1.4031,0.046,0.9966
31,45.897,251.51,1.4042,0.0432,1.0006
32,45.917,252.43,1.3628,0.0394,1.0345
33,45.937,253.35,1.3498,0.0364,1.0529
34,45.957,254.28,1.3447,0.0348,1.0568
35,45.977,255.21,1.3451,0.0356,1.0683
36,45.997,256.14,1.356,0.0371,1.0538
37,46.017,257.08,1.4044,0.0384,1.0378
38,46.037,258.01,1.4337,0.0394,1.006
39,46.057,258.93,1.451,0.0432,0.981
40,46.077,259.84,1.4728,0.0451,0.9672
41,46.097,260.75,1.4628,0.0457,0.9761
42,46.117,261.66,1.4484,0.0451,0.9662
43,46.137,262.56,1.4483,0.0454,0.9611
44,46.157,263.47,1.4322,0.0443,0.973
45,46.177,264.37,1.4359,0.043,1.0026
46,46.197,265.28,1.4444,0.0414,1.0209
47,46.217,266.18,1.4604,0.0405,1.0335
48,46.237,267.09,1.4725,0.0398,1.0579
49,46.257,267.99,1.4902,0.0402,1.0456
50,46.277,268.9,1.4919,0.0407,1.0328
51,46.297,269.79,1.5007,0.0408,1.037
52,46.317,270.7,1.5046,0.0421,1.0449
53,46.337,271.6,1.508,0.0434,1.0252
54,46.357,272.51,1.5255,0.0426,1.0198
55,46.377,273.41,1.5294,0.0426,0.998
56,46.397,274.31,1.4978,0.0425,1.0082
57,46.417,275.22,1.4627,0.0421,0.9946
58,46.437,276.12,1.4406,0.0414,1.034
59,46.457,277.02,1.4294,0.0409,0.9942
60,46.477,277.92,1.4227,0.0406,1.0036
61,46.497,278.83,1.4107,0.0412,1.0076
62,46.517,279.73,1.4065,0.0412,1.0051
63,46.537,280.64,1.4058,0.0411,1.0103
64,46.557,281.53,1.3963,0.0414,1.0003
65,46.577,282.43,1.3957,0.0415,0.9992
66,46.597,283.33,1.3956,0.0427,1.0175
67,46.617,284.24,1.4023,0.0431,1.0294
68,46.637,285.14,1.4169,0.0423,1.0194
69,46.657,286.04,1.426,0.0426,1.0129
70,46.677,286.94,1.4257,0.0437,1.0222
71,46.697,287.85,1.4406,0.0432,1.0236
72,46.717,288.74,1.4513,0.0423,1.0155
73,46.737,289.64,1.4578,0.042,1.0151
74,46.757,290.54,1.45,0.041,1.0271
75,46.777,291.44,1.4485,0.0408,1.0559
76,46.797,292.34,1.4367,0.0413,1.0592
77,46.817,293.25,1.4423,0.0418,1.0656
78,46.837,294.14,1.4497,0.0421,1.0733
79,46.857,295.04,1.4764,0.0419,1.0633
80,46.877,295.94,1.4818,0.0418,1.0624
81,46.897,296.85,1.4831,0.042,1.0759
82,46.917,297.75,1.4758,0.0422,1.0707
83,46.937,298.65,1.4798,0.0423,1.069
84,46.957,299.54,1.5189,0.0422,1.0819
85,46.977,300.44,1.5394,0.0421,1.0863
86,46.997,301.34,1.5507,0.0427,1.0636
87,47.017,302.24,1.5562,0.0424,1.066
88,47.037,303.15,1.5687,0.0443,1.0989
89,47.057,304.05,1.5969,0.0448,1.104
90,47.077,304.96,1.614,0.0442,1.1217
91,47.097,305.86,1.608,0.0454,1.1359
92,47.117,306.77,1.6121,0.0467,1.1126
93,47.137,307.67,1.6073,0.0468,1.1073
94,47.157,308.57,1.614,0.0492,1.1166
95,47.177,309.48,1.6368,0.048,1.1181
96,47.197,310.39,1.6662,0.0521,1.1215
97,47.217,311.29,1.6874,0.0552,1.1269
98,47.237,312.2,1.794,0.0534,1.131
99,47.257,313.1,1.916,0.0526,1.0415
100,47.277,314.01,1.9604,0.0511,1.1318
101,47.297,314.9,1.801,0.0466,1.1302
102,47.317,315.81,1.7201,0.0482,1.2057
103,47.337,316.71,1.7564,0.0457,1.2312
104,47.357,317.61,1.8243,0.0439,1.236
105,47.377,318.51,1.8526,0.0437,1.1844
106,47.397,319.42,1.9189,0.0432,0.8652
107,47.417,320.33,1.7622,0.0442,1.0778
108,47.437,321.24,1.7039,0.0466,1.1071
109,47.457,322.14,1.6985,0.0463,1.1539
110,47.477,323.05,1.6933,0.046,1.1862
111,47.497,323.97,1.7112,0.0461,1.194
112,47.517,324.87,1.7044,0.0473,1.2027
113,47.537,325.78,1.7121,0.0475,1.2128
114,47.557,326.69,1.7092,0.047,1.2246
115,47.577,327.6,1.7015,0.0458,1.2266
116,47.597,328.5,1.6931,0.0441,1.2301
117,47.617,329.42,1.6718,0.0442,1.2522
118,47.637,330.31,1.6453,0.0441,1.2494
119,47.657,331.22,1.6281,0.0434,1.2467
120,47.677,332.12,1.6319,0.0433,1.2318
121,47.697,333.03,1.6408,0.0436,1.2053
122,47.717,333.94,1.6366,0.0441,1.2022
123,47.737,334.85,1.6405,0.0444,1.2101
124,47.757,335.75,1.6499,0.0452,1.2192
125,47.777,336.67,1.6742,0.0458,1.2126
126,47.797,337.57,1.6736,0.0451,1.2203
127,47.817,338.48,1.6678,0.0458,1.2287
128,47.837,339.38,1.6852,0.0452,1.2173
129,47.857,340.29,1.6917,0.0444,1.2243
130,47.877,341.2,1.7014,0.0443,1.2223
131,47.897,342.11,1.6821,0.044,1.2076
132,47.917,343.02,1.6467,1.1912,
133,47.937,343.92,1.6405,1.1836,
134,47.957,344.83,1.6559,1.183,
135,47.977,345.74,1.6612,1.1825,
136,47.997,346.65,1.6784,1.185,
1,48.264,189.5,1.3643,,
2,48.284,190.41,1.4174,0.8249,
3,48.304,191.32,1.4436,0.8729,
4,48.324,192.22,1.4703,0.045,0.9293
5,48.344,193.13,1.5146,0.0453,0.9879
6,48.364,194.03,1.5437,0.0456,1.0165
7,48.384,194.94,1.5502,0.0468,1.0297
8,48.404,195.84,1.5586,0.0479,1.0322
9,48.424,196.75,1.5594,0.0479,1.0645
10,48.444,197.65,1.5571,0.0467,1.0796
11,48.464,198.55,1.5592,0.0452,1.1067
12,48.484,199.45,1.5487,0.045,1.1358
13,48.504,200.36,1.5405,0.0443,1.1605
14,48.524,201.26,1.5435,0.0437,1.1862
15,48.544,202.16,1.5647,0.0436,1.1932
16,48.564,203.06,1.5939,0.0429,1.1988
17,48.584,203.97,1.6193,0.0439,1.193
18,48.604,204.87,1.6444,0.045,1.1784
19,48.624,205.77,1.6496,0.0463,1.1857
20,48.644,206.67,1.6676,0.0479,1.1817
21,48.664,207.56,1.6794,0.0465,1.1768
22,48.684,208.46,1.6894,0.0464,1.1958
23,48.704,209.37,1.6917,0.0465,1.2132
24,48.724,210.27,1.6999,0.0489,1.2217
25,48.744,211.18,1.702,0.049,1.2218
26,48.764,212.08,1.6786,0.0488,1.2116
27,48.784,212.98,1.6584,0.0481,1.2168
28,48.804,213.88,1.6703,0.0476,1.2103
29,48.824,214.77,1.6969,0.0477,1.2037
30,48.844,215.67,1.6896,0.0462,1.2308
31,48.864,216.56,1.6866,0.0443,1.2589
32,48.884,217.47,1.6811,0.0411,1.28
33,48.904,218.37,1.6679,0.0403,1.2872
34,48.924,219.28,1.6489,0.0398,1.3285
35,48.944,220.17,1.6585,0.0404,1.3381
36,48.964,221.07,1.6897,0.0405,1.3216
37,48.984,221.97,1.7249,0.0413,1.2881
38,49.004,222.88,1.7252,0.0428,1.2872
39,49.024,223.78,1.7292,0.0437,1.2948
40,49.044,224.68,1.7322,0.0442,1.2805
41,49.064,225.58,1.7252,0.0447,1.2715
42,49.084,226.48,1.707,0.0434,1.2619
43,49.104,227.38,1.7012,0.0442,1.2621
44,49.124,228.28,1.7136,0.0449,1.2798
45,49.144,229.18,1.7237,0.045,1.3164
46,49.164,230.09,1.7307,0.0448,1.3054
47,49.184,230.98,1.7509,0.0454,1.2818
48,49.204,231.89,1.7366,0.045,1.2612
49,49.224,232.79,1.7141,0.0464,1.2428
50,49.244,233.7,1.6985,0.0477,1.2313
51,49.264,234.6,1.6874,0.0483,1.2418
52,49.284,235.5,1.6708,0.0484,1.2469
53,49.304,236.4,1.6773,0.0482,1.2356
54,49.324,237.3,1.6663,0.0473,1.2287
55,49.344,238.2,1.6539,0.0477,1.228
56,49.364,239.09,1.6395,0.0481,1.223
57,49.384,239.99,1.632,0.0477,1.2221
58,49.404,240.89,1.64,0.0471,1.2228
59,49.424,241.8,1.6624,0.0471,1.2287
60,49.444,242.7,1.6598,0.0469,1.2397
61,49.464,243.61,1.6565,0.0463,1.2437
62,49.484,244.51,1.6574,0.0463,1.2408
63,49.504,245.42,1.6535,0.0457,1.247
64,49.524,246.32,1.6457,0.0457,1.2516
65,49.544,247.22,1.6398,0.045,1.2561
66,49.564,248.11,1.6357,0.0438,1.254
67,49.584,249.02,1.6415,0.0434,1.2422
68,49.604,249.92,1.6405,0.0433,1.2388
69,49.624,250.83,1.6298,0.0433,1.2451
70,49.644,251.74,1.6246,0.0432,1.2522
71,49.664,252.64,1.6297,0.043,1.244
72,49.684,253.54,1.6237,0.0434,1.2405
73,49.704,254.45,1.6248,0.0441,1.2356
74,49.724,255.35,1.6244,0.0439,1.227
75,49.744,256.26,1.6168,0.0431,1.2251
76,49.764,257.16,1.6034,0.0421,1.2262
77,49.784,258.07,1.592,0.0411,1.2377
78,49.804,258.98,1.5795,0.0405,1.2518
79,49.824,259.89,1.5887,0.0409,1.2542
80,49.844,260.79,1.599,0.0414,1.2301
81,49.864,261.7,1.6193,0.0428,1.2315
82,49.884,262.6,1.6575,0.0444,1.2417
83,49.904,263.5,1.6832,0.0424,1.2398
84,49.924,264.41,1.7057,0.0374,1.2557
85,49.944,265.31,1.7348,0.0372,1.2739
86,49.964,266.22,1.7763,0.0473,1.3049
87,49.984,267.15,1.9558,0.0575,1.3538
88,50.004,268.26,5.7651,0.0556,1.237
89,50.024,269.41,6.7252,0.0542,1.0147
90,50.044,270.38,5.3636,0.0679,0.1192
91,50.064,271.32,3.9781,0.0723,0.082
92,50.084,272.23,2.9102,0.0811,0.1535
93,50.104,273.15,2.8897,0.0885,0.2724
94,50.124,274.07,3.8666,0.0875,0.3776
95,50.144,275.12,6.7852,0.08,0.5609
96,50.164,276.22,8.3139,0.0834,0.3694
97,50.184,277.25,8.3666,0.0889,0.3212
98,50.204,278.2,7.811,0.0913,0.3097
99,50.224,279.11,7.5579,0.0959,0.3084
100,50.244,280.03,7.9231,0.0886,0.3904
101,50.264,280.94,8.5115,0.0808,0.468
102,50.284,281.85,8.6913,0.0708,0.346
103,50.304,282.76,8.8053,0.0615,0.269
104,50.324,283.67,8.7764,0.0572,0.2701
105,50.344,284.58,8.6668,0.0615,0.2659
106,50.364,285.49,8.5046,0.0708,0.269
107,50.384,286.39,8.4484,0.0777,0.2646
108,50.404,287.29,8.4611,0.0831,0.2533
109,50.424,288.19,8.5074,0.094,0.2503
110,50.444,289.07,8.4096,0.1183,0.2534
111,50.464,289.97,7.9625,0.1358,0.2586
112,50.484,290.87,7.3575,0.1565,0.2681
113,50.504,291.77,6.8641,0.1757,0.2975
114,50.524,292.66,6.4585,0.196,0.3688
115,50.544,293.56,6.4515,0.2065,0.3758
116,50.564,294.45,6.4002,0.1989,0.383
117,50.584,295.35,6.0809,0.2081,0.401
118,50.604,296.25,6.0216,0.2157,0.4193
119,50.624,297.16,6.8172,0.191,0.4425
120,50.644,298.05,7.9313,0.1652,0.4303
121,50.664,298.96,9.0179,0.1474,0.3544
122,50.684,299.86,9.2081,0.1367,0.3214
123,50.704,300.77,8.8717,0.1346,0.3029
124,50.724,301.67,8.2634,0.1547,0.2946
125,50.744,302.58,7.6568,0.1509,0.2742
126,50.764,303.48,7.5844,0.1329,0.2928
127,50.784,304.38,8.2104,0.117,0.3258
128,50.804,305.28,9.0333,0.1013,0.342
129,50.824,306.2,9.7421,0.0862,0.3319
130,50.844,307.1,10.1778,0.0738,0.293
131,50.864,308.01,10.4055,0.0653,0.2728
132,50.884,308.92,10.6834,0.0555,0.2622
133,50.904,309.83,10.7406,0.0509,0.2509
134,50.924,310.73,10.7103,0.2355,
135,50.944,311.64,10.4911,0.2284,
136,50.964,312.54,10.0805,0.222,
137,50.984,313.43,9.6115,0.2155,
138,51.004,314.33,9.04,,
1,51.277,180.0,4.1009,,
2,51.297,180.89,3.774,0.2942,
3,51.317,181.77,3.2683,0.2685,
4,51.337,182.66,3.0295,0.0911,0.2503
5,51.357,183.54,3.6722,0.083,0.3034
6,51.377,184.43,5.4444,0.0691,0.3227
7,51.397,185.32,7.5161,0.056,0.2848
8,51.417,186.21,8.7556,0.051,0.2541
9,51.437,187.11,9.3071,0.044,0.2505
10,51.457,187.99,9.5598,0.039,0.2551
11,51.477,188.89,9.6348,0.0365,0.2482
12,51.497,189.78,9.608,0.0395,0.2634
13,51.517,190.66,9.5147,0.0578,0.2709
14,51.537,191.55,9.2806,0.0757,0.2616
15,51.557,192.44,9.0706,0.083,0.266
16,51.577,193.33,9.1955,0.0801,0.2836
17,51.597,194.21,9.7369,0.0681,0.3005
18,51.617,195.1,10.5026,0.0602,0.1651
19,51.637,196.0,11.0965,0.0465,0.1026
20,51.657,196.89,11.9485,0.0408,0.0881
21,51.677,197.8,13.336,0.0373,0.0733
22,51.697,198.7,14.5259,0.0348,0.0577
23,51.717,199.59,15.1805,0.037,0.0604
24,51.737,200.48,15.1769,0.0523,0.061
25,51.757,201.39,14.0408,0.0593,0.0606
26,51.777,202.27,12.8656,0.0585,0.06
27,51.797,203.16,11.9385,0.0657,0.0681
28,51.817,204.06,11.0708,0.0729,0.0855
29,51.837,204.95,10.6488,0.0735,0.1263
30,51.857,205.84,11.3427,0.0665,0.2191
31,51.877,206.74,13.0351,0.0603,0.3465
32,51.897,207.64,15.3925,0.054,0.2866
33,51.917,208.54,17.1974,0.0464,0.1804
34,51.937,209.45,18.1816,0.0416,0.1404
35,51.957,210.35,18.516,0.0433,0.1389
36,51.977,211.26,18.6128,0.0532,0.1613
37,51.997,212.16,18.5263,0.0621,0.1707
38,52.017,213.06,18.6264,0.0697,0.2039
39,52.037,213.96,19.2389,0.0754,0.2673
40,52.057,214.87,20.164,0.0808,0.3379
41,52.077,215.78,21.1456,0.0854,0.4018
42,52.097,216.71,22.2424,0.0889,0.4481
43,52.117,217.71,23.5265,0.0917,0.4744
44,52.137,218.82,24.7039,0.096,0.4972
45,52.157,220.06,25.7235,0.1037,0.4995
46,52.177,221.34,26.4267,0.1075,0.5059
47,52.197,222.63,27.1775,0.1067,0.5032
48,52.217,223.89,28.1864,0.1059,0.5079
49,52.237,224.95,28.785,0.1093,0.5149
50,52.257,225.89,29.2092,0.114,0.5141
51,52.277,226.82,29.6994,0.1143,0.5051
52,52.297,227.74,30.1662,0.1089,0.5039
53,52.317,228.65,30.657,0.1081,0.5075
54,52.337,229.56,30.8138,0.1103,0.5071
55,52.357,230.47,30.5302,0.1109,0.5063
56,52.377,231.37,29.8409,0.1085,0.5073
57,52.397,232.29,29.2326,0.1047,0.5131
58,52.417,233.19,28.9711,0.1018,0.5093
59,52.437,234.1,28.8492,0.0984,0.5109
60,52.457,235.0,28.6685,0.0959,0.5172
61,52.477,235.91,28.0191,0.097,0.512
62,52.497,236.81,26.7564,0.0951,0.4999
63,52.517,237.72,25.5777,0.0899,0.4965
64,52.537,238.62,24.9848,0.0854,0.4954
65,52.557,239.52,24.7009,0.082,0.4962
66,52.577,240.42,23.9035,0.0789,0.506
67,52.597,241.32,22.714,0.0798,0.5109
68,52.617,242.21,21.6883,0.0804,0.5081
69,52.637,243.1,21.0025,0.0769,0.4988
70,52.657,243.98,20.7206,0.073,0.5076
71,52.677,244.87,20.8448,0.0744,0.5118
72,52.697,245.77,20.9403,0.076,0.5215
73,52.717,246.65,20.6412,0.0782,0.5149
74,52.737,247.54,20.4126,0.0812,0.5145
75,52.757,248.44,20.4907,0.0809,0.515
76,52.777,249.32,21.0495,0.0815,0.5159
77,52.797,250.22,22.283,0.0812,0.5223
78,52.817,251.12,23.4499,0.0812,0.524
79,52.837,252.01,23.866,0.0818,0.523
80,52.857,252.9,23.8119,0.0795,0.5206
81,52.877,253.8,23.3435,0.0783,0.5179
82,52.897,254.7,22.4712,0.077,0.5184
83,52.917,255.58,21.4866,0.0738,0.5156
84,52.937,256.48,20.5268,0.0694,0.5157
85,52.957,257.37,19.9003,0.065,0.5152
86,52.977,258.25,19.6645,0.0645,0.5223
87,52.997,259.14,19.9272,0.0653,0.5206
88,53.017,260.03,20.1907,0.0638,0.525
89,53.037,260.92,20.2168,0.0627,0.5244
90,53.057,261.8,19.7172,0.0611,0.5229
91,53.077,262.68,18.7244,0.0602,0.5208
92,53.097,263.56,17.6141,0.0629,0.5209
93,53.117,264.44,16.668,0.0672,0.5192
94,53.137,265.31,15.9097,0.0644,0.5181
95,53.157,266.19,15.6253,0.0609,0.5225
96,53.177,267.06,15.993,0.0604,0.5257
97,53.197,267.94,17.1561,0.0625,0.5323
98,53.217,268.83,18.9896,0.0659,0.5374
99,53.237,269.72,20.9733,0.0683,0.535
100,53.257,270.6,22.5982,0.0705,0.5357
101,53.277,271.5,23.3772,0.074,0.5368
102,53.297,272.39,23.6343,0.0782,0.5336
103,53.317,273.28,23.9943,0.0783,0.5332
104,53.337,274.17,24.6277,0.078,0.5343
105,53.357,275.06,25.5038,0.0778,0.5381
106,53.377,275.96,25.7524,0.0795,0.5395
107,53.397,276.84,25.3948,0.0814,0.5359
108,53.417,277.74,24.9746,0.0793,0.5309
109,53.437,278.64,24.692,0.0781,0.5335
110,53.457,279.53,24.6724,0.079,0.5344
111,53.477,280.43,24.8277,0.0791,0.5344
112,53.497,281.32,24.884,0.0804,0.5354
113,53.517,282.22,24.6504,0.0783,0.5403
114,53.537,283.11,24.2176,0.0774,0.5399
115,53.557,284.0,23.9152,0.0773,0.5363
116,53.577,284.89,24.0298,0.0767,0.5395
117,53.597,285.79,24.4763,0.0768,0.5373
118,53.617,286.68,24.8389,0.077,0.5421
119,53.637,287.58,24.8589,0.0773,0.5387
120,53.657,288.46,24.8733,0.0779,0.5385
121,53.677,289.36,24.7431,0.0755,0.5388
122,53.697,290.24,24.4855,0.0741,0.534
123,53.717,291.12,24.1366,0.0725,0.5371
124,53.737,292.01,23.7848,0.0695,0.5383
125,53.757,292.89,23.488,0.067,0.5346
126,53.777,293.77,23.0203,0.0656,0.5428
127,53.797,294.64,22.7262,0.0676,0.5389
128,53.817,295.53,22.6617,0.0706,0.5379
129,53.837,296.42,22.7535,0.0718,0.5353
130,53.857,297.3,23.1043,0.0761,0.5476
131,53.877,298.2,23.6129,0.0792,0.5447
132,53.897,299.09,23.9207,0.0819,0.5529
133,53.917,299.99,24.1294,0.5432,
134,53.937,300.89,24.2945,0.5307,
135,53.957,301.8,24.3712,0.5417,
136,53.977,302.7,24.5336,0.5414,
137,53.997,303.66,24.7121,,
1,54.333,188.0,14.6454,,
2,54.353,189.62,19.5426,0.5205,
3,54.373,191.56,21.5809,0.519,
4,54.393,193.06,22.5546,0.0675,0.5171
5,54.413,194.2,23.3559,0.0721,0.5188
6,54.433,195.21,24.1055,0.0782,0.5228
7,54.453,196.16,24.8176,0.0818,0.5211
8,54.473,197.09,25.4835,0.0858,0.5251
9,54.493,198.0,25.9294,0.0883,0.5214
10,54.513,198.9,25.8145,0.0886,0.5265
11,54.533,199.79,25.457,0.0867,0.5238
12,54.553,200.69,25.02,0.0848,0.5212
13,54.573,201.59,24.7263,0.0841,0.5292
14,54.593,202.48,24.6222,0.0851,0.5231
15,54.613,203.38,24.667,0.0869,0.5286
16,54.633,204.28,24.6119,0.0878,0.5265
17,54.653,205.17,24.5334,0.0861,0.5277
18,54.673,206.06,24.4961,0.0847,0.5271
19,54.693,206.96,24.7308,0.085,0.5305
20,54.713,207.86,25.2238,0.0871,0.5339
21,54.733,208.76,25.4239,0.0874,0.5323
22,54.753,209.66,24.9437,0.0862,0.5284
23,54.773,210.56,23.8944,0.0855,0.5254
24,54.793,211.45,22.783,0.082,0.527
25,54.813,212.35,21.8646,0.0774,0.5239
26,54.833,213.25,21.4757,0.073,0.5287
27,54.853,214.14,21.5904,0.0697,0.5303
28,54.873,215.03,22.1508,0.0703,0.5334
29,54.893,215.93,23.079,0.0734,0.5339
30,54.913,216.82,24.064,0.0759,0.5334
31,54.933,217.71,24.6809,0.0766,0.5345
32,54.953,218.61,24.4983,0.0773,0.5337
33,54.973,219.5,23.6161,0.0766,0.5333
34,54.993,220.4,22.5111,0.0733,0.5322
35,55.013,221.29,21.3901,0.072,0.5332
36,55.033,222.18,20.5313,0.0714,0.5259
37,55.053,223.07,20.0127,0.0695,0.5405
38,55.073,223.96,19.6539,0.0681,0.5367
39,55.093,224.85,19.357,0.0673,0.533
40,55.113,225.73,19.1932,0.0666,0.5348
41,55.133,226.62,19.1256,0.0672,0.5342
42,55.153,227.51,18.8984,0.0668,0.5297
43,55.173,228.39,18.6168,0.0645,0.5327
44,55.193,229.28,18.3912,0.0628,0.532
45,55.213,230.16,18.1874,0.0616,0.5337
46,55.233,231.05,18.0983,0.0603,0.5358
47,55.253,231.93,18.1694,0.0598,0.5345
48,55.273,232.81,18.2509,0.0589,0.5414
49,55.293,233.69,18.1573,0.057,0.5386
50,55.313,234.56,18.0705,0.0577,0.5422
51,55.333,235.44,18.0838,0.059,0.5404
52,55.353,236.33,18.1768,0.0625,0.5442
53,55.373,237.21,18.2743,0.0657,0.5453
54,55.393,238.09,18.5812,0.0652,0.5447
55,55.413,238.97,18.8831,0.0658,0.5456
56,55.433,239.85,18.9821,0.0687,0.549
57,55.453,240.73,19.0268,0.0723,0.5448
58,55.473,241.61,19.1467,0.0738,0.5441
59,55.493,242.5,19.2139,0.0741,0.5511
60,55.513,243.39,19.2661,0.0769,0.547
61,55.533,244.27,19.5774,0.0802,0.5424
62,55.553,245.16,20.166,0.079,0.5517
63,55.573,246.04,20.8526,0.0785,0.555
64,55.593,246.93,21.528,0.0802,0.553
65,55.613,247.82,21.7675,0.0816,0.5489
66,55.633,248.71,21.8705,0.0831,0.5484
67,55.653,249.6,21.6718,0.0828,0.5515
68,55.673,250.49,21.2688,0.0844,0.5584
69,55.693,251.38,20.9386,0.0841,0.5488
70,55.713,252.27,20.9966,0.0842,0.5505
71,55.733,253.14,21.2993,0.085,0.5573
72,55.753,254.03,21.365,0.0829,0.5602
73,55.773,254.91,20.8165,0.0813,0.545
74,55.793,255.8,20.481,0.0784,0.5442
75,55.813,256.68,20.5582,0.0777,0.55
76,55.833,257.57,20.9715,0.0782,0.558
77,55.853,258.46,21.4255,0.0776,0.5573
78,55.873,259.34,21.5032,0.0778,0.557
79,55.893,260.22,21.2792,0.0773,0.5583
80,55.913,261.11,21.2981,0.0771,0.5538
81,55.933,262.0,21.6951,0.0769,0.5575
82,55.953,262.89,22.0578,0.0784,0.5602
83,55.973,263.78,22.2452,0.0801,0.5629
84,55.993,264.67,22.227,0.0814,0.5624
85,56.013,265.55,22.215,0.0829,0.5646
86,56.033,266.44,21.9678,0.0837,0.5602
87,56.053,267.33,21.6436,0.0824,0.5617
88,56.073,268.21,21.3599,0.0802,0.5539
89,56.093,269.09,20.8531,0.0783,0.5539
90,56.113,269.97,19.8212,0.0764,0.5544
91,56.133,270.85,18.8516,0.0725,0.5503
92,56.153,271.72,18.2208,0.0677,0.5493
93,56.173,272.59,17.8531,0.0646,0.5522
94,56.193,273.47,17.64,0.0637,0.5548
95,56.213,274.34,17.5399,0.0616,0.5568
96,56.233,275.21,17.3948,0.0604,0.5579
97,56.253,276.09,17.1476,0.0592,0.5575
98,56.273,276.96,16.931,0.0574,0.5579
99,56.293,277.83,16.6491,0.0579,0.562
100,56.313,278.69,16.2185,0.0573,0.5624
101,56.333,279.55,15.6709,0.0553,0.5577
102,56.353,280.42,15.0485,0.0531,0.5587
103,56.373,281.3,14.4506,0.0525,0.5603
104,56.393,282.17,14.0142,0.0525,0.5586
105,56.413,283.05,13.7608,0.0519,0.5613
106,56.433,283.93,13.5872,0.0507,0.5632
107,56.453,284.81,13.5719,0.05,0.5612
108,56.473,285.69,13.8706,0.0489,0.564
109,56.493,286.58,14.5229,0.0503,0.5669
110,56.513,287.46,15.3387,0.0539,0.5675
111,56.533,288.34,16.1974,0.0558,0.5691
112,56.553,289.23,16.9333,0.0579,0.5699
113,56.573,290.12,17.2746,0.0601,0.5724
114,56.593,291.0,17.4653,0.0606,0.5671
115,56.613,291.89,17.601,0.061,0.5694
116,56.633,292.79,17.726,0.0629,0.5689
117,56.653,293.68,17.77,0.0651,0.5674
118,56.673,294.58,17.5431,0.0697,0.5692
119,56.693,295.48,17.2114,0.0704,0.5682
120,56.713,296.38,17.0199,0.0679,0.569
121,56.733,297.26,16.8364,0.0636,0.576
122,56.753,298.15,16.9135,0.0615,0.5541
123,56.773,299.06,17.7067,0.0561,0.4582
124,56.793,299.95,18.7927,0.0558,0.4201
125,56.813,300.85,19.4057,0.0622,0.4468
126,56.833,301.74,19.7384,0.0712,0.48
127,56.853,302.63,19.8176,0.0739,0.5084
128,56.873,303.53,19.7807,0.073,0.5325
129,56.893,304.42,19.6502,0.0732,0.5484
130,56.913,305.31,19.4472,0.5615,
131,56.933,306.2,18.8917,0.5567,
132,56.953,307.09,17.8092,0.5519,
133,56.973,307.98,16.3373,0.5543,
134,56.993,308.85,15.0917,,
1,57.304,620.0,13.7348,,
2,57.324,620.94,14.2882,0.5407,
3,57.344,621.89,14.8952,0.5412,
4,57.364,622.92,15.8501,0.0534,0.5417
5,57.384,624.05,16.918,0.0563,0.5424
6,57.404,625.21,17.7944,0.0592,0.5439
7,57.424,626.29,18.3268,0.0604,0.5382
8,57.444,627.33,18.4958,0.0603,0.5399
9,57.464,628.34,18.4503,0.0621,0.5429
10,57.484,629.33,18.3267,0.0654,0.5444
11,57.504,630.33,18.5032,0.066,0.5472
12,57.524,631.34,18.9863,0.0693,0.5469
13,57.544,632.38,19.4087,0.0729,0.543
14,57.564,633.44,19.807,0.0764,0.5468
15,57.584,634.56,20.5265,0.0808,0.5466
16,57.604,635.76,21.5351,0.0849,0.5474
17,57.624,637.02,22.4687,0.0872,0.5533
18,57.644,638.34,23.3834,0.0977,0.5582
19,57.664,639.69,24.0865,0.1021,0.5541
20,57.684,641.0,24.6662,0.1072,0.5605
21,57.704,642.28,25.0412,0.1109,0.5485
22,57.724,643.52,25.3079,0.1129,0.5542
23,57.744,644.74,25.6891,0.114,0.5583
24,57.764,646.0,26.4124,0.117,0.5643
25,57.784,647.23,26.7658,0.1117,0.563
26,57.804,648.37,26.5386,0.1092,0.5716
27,57.824,649.41,26.1303,0.106,0.5408
28,57.844,650.43,25.9572,0.103,0.5421
29,57.864,651.45,26.0614,0.1015,0.5533
30,57.884,652.46,26.1865,0.1021,0.5669
31,57.904,653.46,26.3363,0.101,0.56
32,57.924,654.47,26.4786,0.0994,0.5623
33,57.944,655.48,26.8051,0.0975,0.5663
34,57.964,656.51,27.1368,0.1002,0.5609
35,57.984,657.51,27.2648,0.1021,0.5626
36,58.004,658.5,27.1633,0.1,0.5715
37,58.024,659.46,27.0838,0.099,0.551
38,58.044,660.41,27.0372,0.0966,0.5582
39,58.064,661.39,27.1796,0.0945,0.5608
40,58.084,662.41,27.9048,0.098,0.5634
41,58.104,663.43,28.3387,0.0997,0.569
42,58.124,664.42,28.5648,0.0992,0.5562
43,58.144,665.4,28.4533,0.0964,0.5675
44,58.164,666.34,28.3793,0.0955,0.5744
45,58.184,667.28,28.0062,0.0938,0.5659
46,58.204,668.2,27.4674,0.0939,0.5622
47,58.224,669.1,26.7353,0.0941,0.5646
48,58.244,670.01,25.9092,0.091,0.5627
49,58.264,670.91,25.7915,0.0937,0.5664
50,58.284,671.81,26.1426,0.0939,0.5708
51,58.304,672.72,26.1698,0.0917,0.5747
52,58.324,673.63,25.82,0.0912,0.5624
53,58.344,674.53,25.4905,0.0923,0.5642
54,58.364,675.44,25.607,0.0929,0.5613
55,58.384,676.34,26.0736,0.0949,0.5673
56,58.404,677.25,26.7345,0.0986,0.5608
57,58.424,678.17,27.0079,0.0994,0.5664
58,58.444,679.07,26.9113,0.102,0.5788
59,58.464,679.99,27.1656,0.1041,0.5827
60,58.484,680.91,27.4619,0.1029,0.5745
61,58.504,681.84,27.9615,0.102,0.5792
62,58.524,682.77,28.2834,0.1044,0.5746
63,58.544,683.69,28.122,0.1044,0.5735
64,58.564,684.6,27.2975,0.0999,0.5762
65,58.584,685.51,26.3762,0.0948,0.572
66,58.604,686.41,25.4956,0.0899,0.5682
67,58.624,687.32,24.8691,0.0846,0.5681
68,58.644,688.21,24.3716,0.0819,0.5726
69,58.664,689.12,23.7968,0.081,0.5711
70,58.684,690.0,23.2922,0.0801,0.5736
71,58.704,690.9,22.9466,0.077,0.5725
72,58.724,691.8,22.8692,0.0803,0.5777
73,58.744,692.7,23.423,0.0856,0.5783
74,58.764,693.6,24.7312,0.0899,0.5792
75,58.784,694.54,26.9493,0.0933,0.583
76,58.804,695.57,29.0354,0.0979,0.5818
77,58.824,696.63,29.756,0.1009,0.5818
78,58.844,697.66,29.5916,0.1059,0.5936
79,58.864,698.67,29.3971,0.1119,0.5865
80,58.884,699.61,28.7655,0.1125,0.586
81,58.904,700.55,28.0915,0.11,0.5855
82,58.924,701.48,27.7191,0.1071,0.5919
83,58.944,702.4,27.5435,0.1051,0.5769
84,58.964,703.32,26.9225,0.1048,0.5857
85,58.984,704.23,26.3826,0.1054,0.5786
86,59.004,705.14,26.1008,0.1039,0.583
87,59.024,706.03,26.0618,0.1002,0.5839
88,59.044,706.95,26.0213,0.0999,0.5868
89,59.064,707.86,25.951,0.1024,0.5803
90,59.084,708.77,25.6506,0.1005,0.5907
91,59.104,709.67,25.3144,0.0996,0.5872
92,59.124,710.58,25.0943,0.0981,0.5858
93,59.144,711.49,25.1766,0.0966,0.5861
94,59.164,712.41,25.7291,0.097,0.5878
95,59.184,713.33,26.5077,0.1007,0.5894
96,59.204,714.28,27.1711,0.1033,0.5961
97,59.224,715.23,27.5194,0.1055,0.5945
98,59.244,716.17,27.3387,0.1025,0.5893
99,59.264,717.1,26.7837,0.1009,0.5825
100,59.284,718.01,25.507,0.0978,0.5825
101,59.304,718.9,23.4521,0.095,0.5792
102,59.324,719.8,21.5419,0.088,0.5657
103,59.344,720.69,20.1536,0.0816,0.5799
104,59.364,721.58,19.1972,0.0769,0.5844
105,59.384,722.48,18.6233,0.0742,0.5822
106,59.404,723.37,18.3058,0.0709,0.5786
107,59.424,724.26,18.1465,0.0695,0.5789
108,59.444,725.15,18.0706,0.0694,0.5851
109,59.464,726.05,17.9698,0.0712,0.5848
110,59.484,726.94,18.0312,0.0733,0.5892
111,59.504,727.83,18.5974,0.0787,0.5889
112,59.524,728.73,19.5881,0.0826,0.5929
113,59.544,729.63,20.7089,0.0849,0.5948
114,59.564,730.52,21.7409,0.0841,0.5968
115,59.584,731.43,22.9325,0.0857,0.6036
116,59.604,732.33,24.253,0.0896,0.5611
117,59.624,733.25,25.5046,0.0907,0.5313
118,59.644,734.17,26.402,0.0938,0.5411
119,59.664,735.08,26.5572,0.1003,0.5707
120,59.684,735.98,26.3022,0.1058,0.5872
121,59.704,736.88,25.7631,0.1066,0.5925
122,59.724,737.78,25.272,0.1044,0.5944
123,59.744,738.69,24.9304,0.1013,0.5926
124,59.764,739.59,24.5815,0.0991,0.5923
125,59.784,740.5,24.1649,0.0963,0.5931
126,59.804,741.39,23.6682,0.0934,0.5946
127,59.824,742.29,23.4425,0.0929,0.591
128,59.844,743.19,23.4234,0.0909,0.5952
129,59.864,744.1,23.4316,0.0916,0.5944
130,59.884,745.0,23.4064,0.0967,0.5921
131,59.904,745.91,22.803,0.592,
132,59.924,746.8,22.0122,0.5936,
133,59.944,747.7,21.8469,0.5952,
134,59.964,748.6,23.0408,0.5992,
135,59.984,749.53,25.1177,0.6085,
136,59.993,750.0,26.2317,,
1,60.296,340.0,14.8608,,
2,60.316,341.2,16.7805,0.5459,
3,60.336,343.81,21.8345,0.5453,
4,60.356,347.89,26.6864,0.1214,0.5453
5,60.376,351.04,30.0187,0.1256,0.5607
6,60.396,352.21,30.376,0.1313,0.5186
7,60.416,353.14,28.846,0.1347,0.5461
8,60.436,354.04,27.8358,0.1257,0.5474
9,60.456,354.93,27.2073,0.1098,0.5551
10,60.476,355.83,26.6374,0.0897,0.5503
11,60.496,356.72,26.1064,0.0848,0.5552
12,60.516,357.61,25.5342,0.0836,0.5472
13,60.536,358.49,24.7563,0.0822,0.547
14,60.556,359.37,23.8162,0.0785,0.5517
15,60.576,360.24,23.2528,0.0766,0.548
16,60.596,361.11,23.2427,0.0754,0.5519
17,60.616,361.99,23.6378,0.0748,0.5581
18,60.636,362.87,24.0551,0.0769,0.5547
19,60.656,363.75,24.2651,0.0803,0.5585
20,60.676,364.61,24.132,0.0821,0.5543
21,60.696,365.49,23.614,0.0808,0.5588
22,60.716,366.36,23.0073,0.0786,0.5528
23,60.736,367.23,22.2253,0.0747,0.5494
24,60.756,368.1,21.0522,0.0699,0.5472
25,60.776,368.97,19.7707,0.067,0.5519
26,60.796,369.82,18.9154,0.0636,0.5519
27,60.816,370.68,18.2712,0.0615,0.5562
28,60.836,371.54,17.4814,0.0619,0.5588
29,60.856,372.4,16.8473,0.0648,0.5586
30,60.876,373.25,16.4101,0.0687,0.5537
31,60.896,374.11,16.2986,0.0672,0.5601
32,60.916,374.97,16.6176,0.0716,0.5611
33,60.936,375.83,17.5671,0.0716,0.5627
34,60.956,376.7,19.055,0.0715,0.5656
35,60.976,377.57,20.3021,0.0713,0.5638
36,60.996,378.43,20.1894,0.0691,0.5565
37,61.016,379.29,18.8086,0.0655,0.5426
38,61.036,380.15,17.2963,0.0611,0.5487
39,61.056,381.01,16.2353,0.0583,0.558
40,61.076,381.88,15.4195,0.0576,0.5631
41,61.096,382.74,14.8696,0.057,0.5604
42,61.116,383.6,14.464,0.055,0.5591
43,61.136,384.46,14.1314,0.0532,0.561
44,61.156,385.32,13.8512,0.0511,0.5616
45,61.176,386.18,13.5731,0.0495,0.5621
46,61.196,387.03,13.346,0.0503,0.5637
47,61.216,387.9,13.284,0.0498,0.5632
48,61.236,388.75,13.3958,0.0488,0.5653
49,61.256,389.61,13.689,0.0473,0.5645
50,61.276,390.48,13.9186,0.0459,0.5682
51,61.296,391.35,14.0113,0.0474,0.5671
52,61.316,392.21,13.9912,0.0512,0.5682
53,61.336,393.08,13.9423,0.054,0.5691
54,61.356,393.94,13.9079,0.0541,0.5693
55,61.376,394.8,14.0556,0.0519,0.5699
56,61.396,395.66,14.0382,0.0485,0.5786
57,61.416,396.52,13.7191,0.047,0.5732
58,61.436,397.37,13.0089,0.0456,0.5573
59,61.456,398.23,12.1743,0.0433,0.5584
60,61.476,399.08,11.442,0.0532,0.5646
61,61.496,399.93,10.9744,0.061,0.5716
62,61.516,400.79,11.4335,0.061,0.5738
63,61.536,401.65,12.8264,0.057,0.5752
64,61.556,402.52,14.3906,0.0595,0.5368
65,61.576,403.39,15.6384,0.0596,0.4578
66,61.596,404.26,16.211,0.0598,0.4104
67,61.616,405.13,16.1507,0.0641,0.4697
68,61.636,406.0,15.5077,0.0672,0.5419
69,61.656,406.86,14.8695,0.0703,0.5626
70,61.676,407.72,14.3269,0.0649,0.5541
71,61.696,408.58,13.8935,0.0598,0.555
72,61.716,409.44,13.473,0.0582,0.5496
73,61.736,410.29,13.0913,0.056,0.5422
74,61.756,411.15,12.8277,0.0531,0.5412
75,61.776,412.01,12.6697,0.0511,0.5523
76,61.796,412.86,12.2874,0.049,0.5562
77,61.816,413.71,11.5423,0.0459,0.5489
78,61.836,414.57,10.706,0.0426,0.5419
79,61.856,415.41,9.9736,0.0402,0.5499
80,61.876,416.25,9.4424,0.0408,0.5611
81,61.896,417.08,9.0906,0.0461,0.5666
82,61.916,417.93,8.9578,0.0506,0.5626
83,61.936,418.76,9.1344,0.0506,0.5687
84,61.956,419.62,9.6756,0.0491,0.5724
85,61.976,420.48,10.5013,0.0483,0.5758
86,61.996,421.35,11.357,0.0468,0.5516
87,62.016,422.23,12.3487,0.0461,0.5131
88,62.036,423.1,13.2075,0.0455,0.4828
89,62.056,423.97,13.6951,0.0472,0.4838
90,62.076,424.84,13.4815,0.0485,0.5059
91,62.096,425.7,12.5731,0.0498,0.5416
92,62.116,426.55,11.3967,0.0487,0.5484
93,62.136,427.4,10.2032,0.0475,0.559
94,62.156,428.24,9.2323,0.0541,0.5664
95,62.176,429.08,8.5499,0.0621,0.5722
96,62.196,429.91,8.1798,0.067,0.575
97,62.216,430.76,8.1891,0.0727,0.5724
98,62.236,431.61,8.5752,0.0686,0.5459
99,62.256,432.47,9.0242,0.0521,0.443
100,62.276,433.33,9.3503,0.0351,0.3043
101,62.296,434.2,9.4858,0.0264,0.2326
102,62.316,435.07,9.4684,0.019,0.1716
103,62.336,435.93,9.3845,0.0211,0.1648
104,62.356,436.8,9.1579,0.0261,0.1924
105,62.376,437.64,8.8895,0.0289,0.2299
106,62.396,438.49,8.5238,0.0324,0.2943
107,62.416,439.32,8.1245,0.0357,0.4041
108,62.436,440.16,7.7395,0.0366,0.487
109,62.456,441.0,7.3635,0.0384,0.5438
110,62.476,441.82,6.9875,0.0432,0.5679
111,62.496,442.65,6.6239,0.047,0.5769
112,62.516,443.48,6.2552,0.0516,0.5798
113,62.536,444.31,6.0126,0.0539,0.5809
114,62.556,445.14,5.9781,0.0593,0.583
115,62.576,445.99,6.2263,0.0705,0.5592
116,62.596,446.83,6.3962,0.0921,0.4851
117,62.616,447.7,6.1584,0.1018,0.4062
118,62.636,448.56,5.6952,0.1225,0.3351
119,62.656,449.43,5.3028,0.1139,0.3251
120,62.676,450.31,5.1647,0.1028,0.3421
121,62.696,451.2,5.5903,0.0873,0.3758
122,62.716,452.08,6.4719,0.0714,0.2174
123,62.736,452.98,7.8148,0.0496,0.1533
124,62.756,453.86,8.9191,0.0324,0.1524
125,62.776,454.75,9.5113,0.0306,0.171
126,62.796,455.62,9.4104,0.0325,0.1665
127,62.816,456.48,9.0498,0.0365,0.1966
128,62.836,457.34,8.7951,0.0403,0.2553
129,62.856,458.19,8.7216,0.0422,0.3413
130,62.876,459.06,8.7376,0.0444,0.4376
131,62.896,459.92,8.7671,0.0457,0.5085
132,62.916,460.78,8.7636,0.5463,
133,62.936,461.64,8.8121,0.5598,
134,62.956,462.51,8.9046,0.5756,
135,62.976,463.37,9.0011,0.5705,
136,62.996,464.26,9.0908,0.5517,
1,63.294,277.0,9.0293,,
2,63.314,277.89,9.089,0.5874,
3,63.334,278.78,9.2747,0.5906,
4,63.354,279.68,9.6926,0.0591,0.5872
5,63.374,280.58,10.3451,0.0632,0.5873
6,63.394,281.46,10.9848,0.0622,0.5913
7,63.414,282.36,11.2292,0.0576,0.578
8,63.434,283.26,11.1278,0.0543,0.5545
9,63.454,284.16,10.9025,0.0558,0.5237
10,63.474,285.05,10.5753,0.0605,0.5099
11,63.494,285.95,10.3773,0.063,0.521
12,63.514,286.84,10.4585,0.0586,0.5416
13,63.534,287.73,10.7537,0.0546,0.5864
14,63.554,288.63,11.1005,0.0494,0.5229
15,63.574,289.53,11.438,0.039,0.4135
16,63.594,290.42,11.8229,0.0358,0.3587
17,63.614,291.32,11.9509,0.0401,0.3418
18,63.634,292.21,11.4273,0.046,0.3909
19,63.654,293.1,10.7403,0.0486,0.47
20,63.674,294.0,10.2123,0.0516,0.5252
21,63.694,294.89,9.89,0.0529,0.5567
22,63.714,295.78,9.6841,0.0533,0.5714
23,63.734,296.67,9.596,0.0527,0.5856
24,63.754,297.56,9.6317,0.0534,0.5955
25,63.774,298.46,9.7533,0.0553,0.6007
26,63.794,299.35,9.9684,0.0592,0.5953
27,63.814,300.24,10.2722,0.0662,0.5849
28,63.834,301.14,10.7829,0.0753,0.5873
29,63.854,302.03,11.5779,0.0805,0.6008
30,63.874,302.93,12.768,0.0846,0.6012
31,63.894,303.82,14.0319,0.0776,0.5937
32,63.914,304.71,14.923,0.0644,0.5094
33,63.934,305.61,15.4035,0.039,0.3652
34,63.954,306.51,15.1029,0.0371,0.3085
35,63.974,307.4,14.1778,0.0503,0.2862
36,63.994,308.3,13.3616,0.0624,0.3047
37,64.014,309.19,12.58,0.0662,0.3753
38,64.034,310.09,11.9766,0.0652,0.4762
39,64.054,310.97,11.776,0.0661,0.5529
40,64.074,311.88,12.27,0.0696,0.5948
41,64.094,312.77,13.2944,0.0725,0.5976
42,64.114,313.67,14.3793,0.0727,0.5785
43,64.134,314.57,15.2628,0.0758,0.5699
44,64.154,315.47,16.0563,0.0795,0.5787
45,64.174,316.37,16.7645,0.0836,0.6055
46,64.194,317.28,17.1209,0.0874,0.619
47,64.214,318.18,17.2508,0.0894,0.6156
48,64.234,319.08,17.1129,0.0911,0.6156
49,64.254,319.98,16.8395,0.0948,0.6102
50,64.274,320.89,16.7824,0.0943,0.6099
51,64.294,321.79,17.2175,0.0931,0.615
52,64.314,322.7,18.1121,0.0931,0.6139
53,64.334,323.62,19.0893,0.0943,0.613
54,64.354,324.55,19.3987,0.095,0.6042
55,64.374,325.46,19.0027,0.0947,0.5908
56,64.394,326.37,18.174,0.0917,0.5824
57,64.414,327.28,17.2456,0.086,0.6024
58,64.434,328.17,16.5542,0.0832,0.6172
59,64.454,329.08,16.1975,0.0821,0.6181
60,64.474,329.96,16.2567,0.0802,0.6098
61,64.494,330.86,16.2067,0.0787,0.6148
62,64.514,331.76,15.9889,0.0768,0.615
63,64.534,332.66,15.572,0.0734,0.6032
64,64.554,333.55,15.076,0.0704,0.6096
65,64.574,334.45,14.5399,0.0718,0.6141
66,64.594,335.34,14.0679,0.0764,0.6203
67,64.614,336.24,13.7621,0.0772,0.6234
68,64.634,337.14,14.0957,0.0768,0.6191
69,64.654,338.04,15.0289,0.0755,0.6259
70,64.674,338.92,16.0626,0.0775,0.6227
71,64.694,339.83,16.9262,0.0776,0.5782
72,64.714,340.72,17.6309,0.0769,0.5595
73,64.734,341.62,17.8497,0.0768,0.584
74,64.754,342.52,17.4241,0.0788,0.6097
75,64.774,343.41,16.3962,0.0731,0.6113
76,64.794,344.3,14.9656,0.0681,0.5981
77,64.814,345.19,13.6447,0.0625,0.6075
78,64.834,346.08,12.4445,0.0591,0.6137
79,64.854,346.97,11.6316,0.0586,0.6228
80,64.874,347.84,11.2291,0.0585,0.6224
81,64.894,348.73,11.1146,0.0596,0.6199
82,64.914,349.62,11.2365,0.0603,0.6172
83,64.934,350.5,11.5475,0.0597,0.6161
84,64.954,351.39,11.9643,0.061,0.6189
85,64.974,352.28,12.2788,0.0633,0.6214
86,64.994,353.17,12.5819,0.0651,0.5935
87,65.014,354.05,12.8993,0.068,0.5641
88,65.034,354.94,13.2701,0.0672,0.5814
89,65.054,355.83,13.903,0.0708,0.6067
90,65.074,356.72,14.9269,0.0742,0.619
91,65.094,357.61,16.1273,0.0809,0.6308
92,65.114,358.52,17.383,0.0859,0.6131
93,65.134,359.41,18.2314,0.0885,0.5953
94,65.154,360.31,18.8581,0.0935,0.6039
95,65.174,361.21,19.4929,0.102,0.633
96,65.194,362.1,19.7714,0.1069,0.629
97,65.214,363.0,19.5788,0.1035,0.6242
98,65.234,363.9,19.2991,0.094,0.6237
99,65.254,364.79,18.8485,0.0893,0.6351
100,65.274,365.69,18.3318,0.0875,0.6311
101,65.294,366.58,17.6483,0.0841,0.6321
102,65.314,367.47,16.6359,0.0832,0.6213
103,65.334,368.36,15.5011,0.0806,0.6291
104,65.354,369.26,15.0342,0.0743,0.634
105,65.374,370.14,15.3599,0.0715,0.6356
106,65.394,371.03,15.9543,0.0702,0.6351
107,65.414,371.93,16.1942,0.0681,0.617
108,65.434,372.82,16.2377,0.0663,0.5767
109,65.454,373.72,15.8075,0.0629,0.5911
110,65.474,374.61,15.2566,0.0634,0.6081
111,65.494,375.5,14.8924,0.0643,0.6262
112,65.514,376.39,14.7867,0.0625,0.6332
113,65.534,377.27,14.8844,0.0647,0.646
114,65.554,378.16,15.2433,0.0677,0.6415
115,65.574,379.05,15.8084,0.0699,0.6402
116,65.594,379.94,16.6647,0.0734,0.6421
117,65.614,380.83,17.3433,0.0765,0.6384
118,65.634,381.73,17.7614,0.0781,0.637
119,65.654,382.62,18.1208,0.0781,0.6321
120,65.674,383.51,18.4402,0.0778,0.6347
121,65.694,384.4,18.0495,0.0779,0.6349
122,65.714,385.28,17.3181,0.0789,0.6378
123,65.734,386.16,16.8279,0.0767,0.638
124,65.754,387.06,16.429,0.0731,0.6378
125,65.774,387.95,16.1159,0.0737,0.6405
126,65.794,388.83,16.028,0.0748,0.6389
127,65.814,389.72,16.3602,0.0768,0.6434
128,65.834,390.61,17.1091,0.0801,0.6447
129,65.854,391.51,18.3798,0.0836,0.6469
130,65.874,392.39,19.9319,0.0885,0.6453
131,65.894,393.3,21.3023,0.0927,0.6447
132,65.914,394.2,22.073,0.638,
133,65.934,395.1,22.3584,0.6378,
134,65.954,396.0,22.8176,0.6522,
135,65.974,396.9,23.5904,0.6491,
136,65.994,397.79,23.8063,0.6501,
137,66.007,398.5,23.4812,,
1,66.302,264.0,12.1778,,
2,66.322,264.92,12.5592,0.6119,
3,66.342,265.86,12.9319,0.6147,
4,66.362,266.81,13.2657,0.0512,0.6151
5,66.382,267.75,13.4769,0.0523,0.6168
6,66.402,268.67,13.6886,0.0535,0.6189
7,66.422,269.59,14.0851,0.0536,0.6184
8,66.442,270.51,14.4712,0.0536,0.6198
9,66.462,271.44,14.5349,0.0543,0.618
10,66.482,272.35,14.4424,0.0567,0.621
11,66.502,273.26,14.3943,0.059,0.621
12,66.522,274.18,14.4775,0.0608,0.6238
13,66.542,275.09,14.72,0.0617,0.6223
14,66.562,276.0,15.0085,0.0654,0.6232
15,66.582,276.92,15.2368,0.0686,0.6234
16,66.602,277.83,15.4907,0.0687,0.622
17,66.622,278.75,15.8966,0.0732,0.623
18,66.642,279.68,16.5516,0.0861,0.6209
19,66.662,280.64,17.4115,0.0922,0.6221
20,66.682,281.71,18.7445,0.0994,0.6266
21,66.702,283.05,21.1837,0.095,0.6376
22,66.722,284.6,22.9244,0.083,0.6078
23,66.742,285.99,23.2547,0.0848,0.3503
24,66.762,287.18,22.8809,0.0783,0.2981
25,66.782,288.27,22.5348,0.0708,0.3354
26,66.802,289.35,22.8268,0.0873,0.4138
27,66.822,290.51,23.9249,0.1019,0.4963
28,66.842,291.72,24.886,0.11,0.5802
29,66.862,292.91,25.3988,0.1229,0.6109
30,66.882,294.06,25.6469,0.1339,0.6247
31,66.902,295.16,25.7142,0.1395,0.6211
32,66.922,296.29,25.7926,0.1409,0.6287
33,66.942,297.43,26.2058,0.1391,0.638
34,66.962,298.67,27.2051,0.1417,0.6338
35,66.982,300.11,28.8335,0.1443,0.6324
36,67.002,301.8,30.6535,0.15,0.6407
37,67.022,303.21,31.7705,0.1562,0.6426
38,67.042,304.25,32.4133,0.1621,0.6516
39,67.062,305.18,32.2936,0.1623,0.6643
40,67.082,306.09,31.2533,0.1608,0.6405
41,67.102,306.98,29.6574,0.1523,0.638
42,67.122,307.89,28.5764,0.1421,0.6267
43,67.142,308.78,28.388,0.1389,0.6245
44,67.162,309.68,28.7591,0.1391,0.6264
45,67.182,310.58,29.4519,0.1397,0.6235
46,67.202,311.48,29.3007,0.139,0.642
47,67.222,312.38,28.4569,0.1385,0.6417
48,67.242,313.28,27.8568,0.1339,0.6342
49,67.262,314.18,27.6375,0.1278,0.6397
50,67.282,315.08,27.6711,0.1214,0.6492
51,67.302,315.97,27.7937,0.1151,0.6366
52,67.322,316.88,28.0189,0.1131,0.6516
53,67.342,317.77,28.1879,0.1144,0.6545
54,67.362,318.66,28.3906,0.1127,0.6542
55,67.382,319.57,28.9358,0.1162,0.6411
56,67.402,320.46,30.4564,0.1186,0.648
57,67.422,321.37,31.7424,0.1224,0.6588
58,67.442,322.27,31.97,0.1303,0.6402
59,67.462,323.18,31.6181,0.1368,0.6576
60,67.482,324.07,30.7664,0.16,0.6529
61,67.502,324.98,30.1235,0.1577,0.6436
62,67.522,325.88,29.2086,0.1522,0.65
63,67.542,326.77,28.0746,0.1555,0.6497
64,67.562,327.66,27.4111,0.1518,0.65
65,67.582,328.57,28.415,0.1441,0.6856
66,67.602,329.46,30.2773,0.1324,0.6784
67,67.622,330.37,31.927,0.1273,0.5279
68,67.642,331.29,33.063,0.1037,0.461
69,67.662,332.22,34.3252,0.0801,0.399
70,67.682,333.16,34.9977,0.0807,0.4002
71,67.702,334.09,34.55,0.0912,0.418
72,67.722,334.99,33.3714,0.1053,0.4598
73,67.742,335.9,32.3278,0.1122,0.491
74,67.762,336.79,31.6031,0.1172,0.5878
75,67.782,337.7,31.1554,0.1229,0.6264
76,67.802,338.6,30.824,0.1243,0.64
77,67.822,339.5,30.7925,0.1331,0.6452
78,67.842,340.4,31.2148,0.1397,0.65
79,67.862,341.31,32.2132,0.1367,0.6518
80,67.882,342.22,33.9255,0.1274,0.6493
81,67.902,343.15,35.1842,0.1247,0.6661
82,67.922,344.06,34.5396,0.1277,0.6768
83,67.942,344.97,33.9131,0.1332,0.629
84,67.962,345.88,33.6289,0.1278,0.6165
85,67.982,346.79,34.2028,0.1209,0.652
86,68.002,347.7,34.5075,0.1318,0.6587
87,68.022,348.61,34.4383,0.1482,0.6593
88,68.042,349.53,34.603,0.1485,0.6727
89,68.062,350.45,35.1187,0.1488,0.6595
90,68.082,351.38,35.8476,0.1534,0.6676
91,68.102,352.35,36.6109,0.1584,0.6648
92,68.122,353.36,37.3714,0.1575,0.6707
93,68.142,354.43,38.1767,0.1643,0.6627
94,68.162,355.53,38.547,0.1675,0.6792
95,68.182,356.61,38.5384,0.1753,0.6905
96,68.202,357.63,37.9392,0.1737,0.6639
97,68.222,358.65,37.6894,0.172,0.6577
98,68.242,359.72,37.7887,0.1676,0.6282
99,68.262,360.79,37.7776,0.1681,0.6247
100,68.282,361.81,37.5886,0.1798,0.682
101,68.302,362.81,37.2653,0.1818,0.6763
102,68.322,363.81,36.9571,0.1768,0.6751
103,68.342,364.84,36.7658,0.1786,0.6958
104,68.362,365.91,36.9815,0.1881,0.6697
105,68.382,367.13,37.9129,0.1895,0.6775
106,68.402,368.63,39.4886,0.1877,0.6709
107,68.422,370.62,41.1331,0.1909,0.6795
108,68.442,372.99,42.4288,0.1854,0.6763
109,68.462,375.61,43.2579,0.2033,0.673
110,68.482,377.18,44.1382,0.2017,0.6803
111,68.502,378.72,44.3118,0.1964,0.6673
112,68.522,380.03,43.9728,0.1886,0.6353
113,68.542,380.99,42.8357,0.1757,0.6863
114,68.562,381.9,41.2144,0.1802,0.6923
115,68.582,382.82,40.3864,0.18,0.6861
116,68.602,383.73,40.1788,0.1617,0.6865
117,68.622,384.64,39.9655,0.166,0.6703
118,68.642,385.56,40.44,0.1597,0.6845
119,68.662,386.5,40.719,0.1526,0.6822
120,68.682,387.43,40.9751,0.1575,0.6756
121,68.702,388.37,41.3313,0.1606,0.6867
122,68.722,389.33,41.742,0.1632,0.6757
123,68.742,390.3,41.9596,0.1681,0.6835
124,68.762,391.27,41.9595,0.1716,0.6744
125,68.782,392.28,42.2613,0.1717,0.6911
126,68.802,393.31,42.434,0.1658,0.6893
127,68.822,394.32,42.6506,0.1598,0.7018
128,68.842,395.31,42.3169,0.1529,0.6674
129,68.862,396.25,41.1364,0.1473,0.6934
130,68.882,397.17,39.9755,0.1428,0.667
131,68.902,398.09,38.8928,0.7145,
132,68.922,398.99,37.9339,0.7004,
133,68.942,399.91,37.5941,0.6949,
134,68.962,400.81,37.1571,0.6985,
135,68.982,401.72,36.4703,0.6999,
1,69.298,268.5,33.0161,,
2,69.318,269.49,34.0234,0.6135,
3,69.338,270.42,34.1072,0.6142,
4,69.358,271.32,33.7896,0.1077,0.6366
5,69.378,272.22,33.4721,0.1105,0.6431
6,69.398,273.11,33.3659,0.1136,0.6396
7,69.418,274.01,33.2563,0.1137,0.6389
8,69.438,274.91,33.1556,0.1136,0.638
9,69.458,275.8,33.2643,0.1139,0.6394
10,69.478,276.7,33.5396,0.1151,0.6405
11,69.498,277.6,33.8436,0.1184,0.6378
12,69.518,278.49,34.4332,0.1177,0.6471
13,69.538,279.4,35.3423,0.1161,0.6451
14,69.558,280.29,36.597,0.1203,0.6428
15,69.578,281.19,37.6959,0.1215,0.649
16,69.598,282.1,38.5183,0.1372,0.6446
17,69.618,283.01,39.4419,0.1425,0.6479
18,69.638,283.93,40.1597,0.1492,0.6486
19,69.658,284.86,40.8828,0.1509,0.6316
20,69.678,285.78,40.0816,0.1553,0.656
21,69.698,286.69,39.1829,0.155,0.6554
22,69.718,287.59,37.7362,0.1306,0.6398
23,69.738,288.49,35.4673,0.1212,0.6438
24,69.758,289.38,33.224,0.1146,0.6385
25,69.778,290.28,31.565,0.11,0.6334
26,69.798,291.17,30.8116,0.1043,0.6488
27,69.818,292.06,30.6538,0.1036,0.6561
28,69.838,292.94,30.6802,0.0939,0.654
29,69.858,293.83,30.5962,0.0907,0.6538
30,69.878,294.73,30.5297,0.0881,0.6433
31,69.898,295.61,30.778,0.085,0.6572
32,69.918,296.51,31.2042,0.0931,0.6575
33,69.938,297.41,32.0422,0.1113,0.6488
34,69.958,298.31,33.5615,0.1036,0.6673
35,69.978,299.21,34.9776,0.1111,0.6552
36,69.998,300.11,35.816,0.137,0.666
37,70.018,301.01,36.7475,0.1321,0.6708
38,70.038,301.92,36.8028,0.1386,0.6707
39,70.058,302.83,37.9783,0.1422,0.6542
40,70.078,303.74,38.4809,0.1411,0.6611
41,70.098,304.64,37.4205,0.1349,0.6594
42,70.118,305.55,37.0436,0.143,0.6746
43,70.138,306.44,36.4395,0.1369,0.6779
44,70.158,307.35,35.3624,0.1263,0.6759
45,70.178,308.24,34.74,0.1201,0.6758
46,70.198,309.14,34.8291,0.117,0.6728
47,70.218,310.04,35.0594,0.1171,0.6814
48,70.238,310.95,35.5892,0.123,0.6521
49,70.258,311.85,35.4479,0.1215,0.6667
50,70.278,312.75,35.5385,0.1223,0.6728
51,70.298,313.65,35.5995,0.1253,0.6681
52,70.318,314.55,35.3628,0.1252,0.6747
53,70.338,315.45,35.0626,0.1227,0.6885
54,70.358,316.35,34.016,0.124,0.6748
55,70.378,317.25,32.6537,0.1187,0.6767
56,70.398,318.14,31.1594,0.1177,0.678
57,70.418,319.04,30.0071,0.1232,0.6763
58,70.438,319.94,29.1159,0.1459,0.6854
59,70.458,320.82,28.6372,0.1551,0.6763
60,70.478,321.71,29.1892,0.1326,0.632
61,70.498,322.61,31.7071,0.1088,0.6019
62,70.518,323.51,33.5766,0.0933,0.5832
63,70.538,324.42,33.9666,0.0936,0.4816
64,70.558,325.32,34.1958,0.0902,0.452
65,70.578,326.22,33.9617,0.088,0.4408
66,70.598,327.12,33.7133,0.085,0.4614
67,70.618,328.02,33.2773,0.0965,0.4626
68,70.638,328.91,33.5164,0.1083,0.5029
69,70.658,329.82,34.2715,0.1084,0.5345
70,70.678,330.71,34.9294,0.1144,0.564
71,70.698,331.62,35.402,0.0901,0.5607
72,70.718,332.52,35.5951,0.1223,0.603
73,70.738,333.43,36.2008,0.1379,0.6603
74,70.758,334.33,37.0746,0.1317,0.6169
75,70.778,335.24,36.3503,0.1238,0.6575
76,70.798,336.14,36.2451,0.1249,0.6523
77,70.818,337.05,33.7144,0.1295,0.6739
78,70.838,337.95,32.0108,0.1329,0.6712
79,70.858,338.85,31.8257,0.1183,0.6855
80,70.878,339.75,32.2845,0.105,0.6867
81,70.898,340.65,33.3308,0.1096,0.6977
82,70.918,341.54,34.5432,0.12,0.6848
83,70.938,342.44,35.5076,0.1134,0.6993
84,70.958,343.35,36.5204,0.1118,0.7025
85,70.978,344.26,36.9623,0.1118,0.7001
86,70.998,345.16,36.5249,0.1112,0.6851
87,71.018,346.06,34.8753,0.1073,0.6797
88,71.038,346.97,34.0468,0.1128,0.6721
89,71.058,347.86,32.5208,0.105,0.6755
90,71.078,348.75,31.249,0.1003,0.6756
91,71.098,349.64,30.1682,0.1006,0.6844
92,71.118,350.53,29.2508,0.098,0.6921
93,71.138,351.41,28.6268,0.0983,0.6921
94,71.158,352.29,27.6815,0.09,0.7097
95,71.178,353.17,25.8324,0.085,0.6857
96,71.198,354.04,24.1586,0.0825,0.6896
97,71.218,354.9,23.1781,0.0769,0.6969
98,71.238,355.77,23.0061,0.0754,0.7005
99,71.258,356.64,23.3724,0.0771,0.6977
100,71.278,357.52,23.8957,0.0781,0.7008
101,71.298,358.39,24.4515,0.0896,0.7032
102,71.318,359.27,25.0123,0.1,0.7034
103,71.338,360.15,25.1608,0.0974,0.6965
104,71.358,361.02,25.0265,0.1008,0.6974
105,71.378,361.9,25.4726,0.1115,0.7006
106,71.398,362.78,25.8619,0.1125,0.696
107,71.418,363.67,26.8605,0.1092,0.7044
108,71.438,364.55,27.5111,0.0962,0.7057
109,71.458,365.44,27.3727,0.0981,0.7035
110,71.478,366.32,26.901,0.1,0.7048
111,71.498,367.21,26.8794,0.0978,0.6798
112,71.518,368.08,27.233,0.0975,0.6881
113,71.538,368.97,27.8437,0.0972,0.6935
114,71.558,369.87,27.8585,0.103,0.6948
115,71.578,370.75,28.1869,0.1015,0.6983
116,71.598,371.65,28.352,0.0946,0.71
117,71.618,372.54,28.7491,0.0899,0.7124
118,71.638,373.42,28.6734,0.0913,0.7067
119,71.658,374.31,28.6477,0.0886,0.6987
120,71.678,375.21,29.2565,0.0863,0.711
121,71.698,376.11,30.2349,0.0881,0.7006
122,71.718,376.99,31.1982,0.1082,0.6922
123,71.738,377.89,32.0034,0.1076,0.6963
124,71.758,378.78,32.2351,0.1161,0.6999
125,71.778,379.68,32.2167,0.1164,0.7024
126,71.798,380.57,31.701,0.1174,0.6887
127,71.818,381.47,31.3582,0.1174,0.7025
128,71.838,382.35,31.0151,0.1099,0.7034
129,71.858,383.24,31.1216,0.1114,0.7144
130,71.878,384.14,31.4586,0.1138,0.7093
131,71.898,385.03,31.9481,0.7095,
132,71.918,385.93,32.489,0.7169,
133,71.938,386.83,32.7762,0.7089,
134,71.958,387.72,33.4357,0.6975,
135,71.978,388.63,34.0904,0.6968,
1,72.304,266.0,23.4753,,
2,72.324,266.99,24.7335,0.6239,
3,72.344,267.93,25.5773,0.6343,
4,72.364,268.83,25.9669,0.0622,0.6339
5,72.384,269.74,25.8641,0.0675,0.6368
6,72.404,270.63,25.7419,0.0718,0.6406
7,72.424,271.54,25.9197,0.0804,0.6449
8,72.444,272.43,26.2092,0.0834,0.6479
9,72.464,273.34,26.8013,0.0907,0.6482
10,72.484,274.24,27.1551,0.0932,0.6563
11,72.504,275.14,26.8584,0.0966,0.6494
12,72.524,276.03,26.4236,0.0905,0.6469
13,72.544,276.93,25.3963,0.0867,0.6524
14,72.564,277.83,24.2005,0.0858,0.655
15,72.584,278.73,23.3051,0.0815,0.6576
16,72.604,279.62,22.6454,0.0765,0.6562
17,72.624,280.52,22.142,0.0764,0.6561
18,72.644,281.4,21.6215,0.0723,0.6615
19,72.664,282.28,20.9344,0.0686,0.6569
20,72.684,283.17,20.2578,0.0671,0.6596
21,72.704,284.06,19.8364,0.069,0.6591
22,72.724,284.94,19.7583,0.0691,0.655
23,72.744,285.83,20.1199,0.0689,0.6712
24,72.764,286.72,20.8784,0.0762,0.6598
25,72.784,287.6,21.5897,0.0841,0.6642
26,72.804,288.49,22.8176,0.0881,0.6625
27,72.824,289.39,24.3131,0.0938,0.663
28,72.844,290.29,25.7318,0.0964,0.6725
29,72.864,291.19,26.821,0.0929,0.6667
30,72.884,292.1,27.9092,0.0934,0.6561
31,72.904,292.99,29.5229,0.0987,0.6552
32,72.924,293.92,31.1407,0.105,0.6645
33,72.944,294.86,31.9628,0.1076,0.6619
34,72.964,295.79,32.2545,0.0963,0.6568
35,72.984,296.73,32.4051,0.0896,0.6544
36,73.004,297.67,32.2979,0.0879,0.6625
37,73.024,298.59,31.509,0.0875,0.6633
38,73.044,299.5,30.7471,0.0874,0.6631
39,73.064,300.4,30.1696,0.0908,0.6582
40,73.084,301.31,29.6341,0.094,0.6511
41,73.104,302.21,29.0518,0.0896,0.6651
42,73.124,303.11,28.145,0.0851,0.663
43,73.144,304.0,26.8422,0.0913,0.6642
44,73.164,304.9,25.2821,0.0811,0.6695
45,73.184,305.79,23.9086,0.0744,0.668
46,73.204,306.68,23.1217,0.071,0.6673
47,73.224,307.57,22.2945,0.0668,0.6649
48,73.244,308.47,21.7956,0.0741,0.6798
49,73.264,309.34,21.3608,0.1121,0.6731
50,73.284,310.23,20.7548,0.1303,0.677
51,73.304,311.12,19.9254,0.1278,0.6766
52,73.324,311.99,19.0303,0.1021,0.6732
53,73.344,312.87,18.0117,0.0884,0.6705
54,73.364,313.74,16.4046,0.085,0.678
55,73.384,314.62,15.6923,0.0815,0.6848
56,73.404,315.49,17.4195,0.0765,0.6838
57,73.424,316.39,21.1679,0.0684,0.6808
58,73.444,317.28,24.0546,0.062,0.641
59,73.464,318.18,26.06,0.0595,0.6223
60,73.484,319.08,27.7895,0.0477,0.6305
61,73.504,319.98,29.0384,0.053,0.6292
62,73.524,320.87,30.1414,0.0557,0.6356
63,73.544,321.78,31.1749,0.0489,0.6543
64,73.564,322.69,32.1079,0.066,0.6588
65,73.584,323.6,31.418,0.0922,0.6576
66,73.604,324.5,30.527,0.094,0.6768
67,73.624,325.41,29.7809,0.1011,0.6817
68,73.644,326.3,28.6316,0.0888,0.6565
69,73.664,327.2,26.2754,0.0816,0.6788
70,73.684,328.09,24.4235,0.0733,0.6846
71,73.704,328.97,23.0307,0.0543,0.6807
72,73.724,329.84,21.3445,0.058,0.6858
73,73.744,330.72,18.671,0.0664,0.6887
74,73.764,331.59,15.5459,0.091,0.6804
75,73.784,332.43,12.3127,0.1236,0.6759
76,73.804,333.28,9.0475,0.1346,0.6886
77,73.824,334.13,6.1924,0.137,0.694
78,73.844,334.97,4.7736,0.1287,0.6912
79,73.864,335.81,3.8886,0.1193,0.6933
80,73.884,336.66,3.1966,0.0966,0.7015
81,73.904,337.5,2.6539,0.0673,0.9909
82,73.924,338.34,2.4657,0.0488,1.3213
83,73.944,339.18,2.4882,0.0346,1.4037
84,73.964,340.02,2.8283,0.054,1.5069
85,73.984,340.86,4.746,0.1057,1.5774
86,74.004,341.71,7.8477,0.1317,0.9624
87,74.024,342.55,8.605,0.1478,0.673
88,74.044,343.4,6.4594,0.1838,0.7056
89,74.064,344.25,5.458,0.2432,0.7315
90,74.084,345.09,6.0367,0.2403,0.7277
91,74.104,345.95,7.3779,0.2026,0.7387
92,74.124,346.8,7.4635,0.1629,0.7657
93,74.144,347.67,9.3631,0.1253,0.9214
94,74.164,348.55,16.2973,0.1179,0.944
95,74.184,349.44,23.7514,0.098,0.6761
96,74.204,350.36,29.9341,0.0921,0.4691
97,74.224,351.3,33.457,0.0904,0.4531
98,74.244,352.35,35.7455,0.1022,0.4587
99,74.264,353.52,37.2863,0.1043,0.5205
100,74.284,354.75,38.2413,0.0996,0.609
101,74.304,355.82,38.0616,0.1064,0.621
102,74.324,356.75,37.5507,0.1137,0.6618
103,74.344,357.65,37.352,0.1215,0.6676
104,74.364,358.56,37.3262,0.1125,0.6854
105,74.384,359.46,36.409,0.1037,0.6813
106,74.404,360.37,35.8646,0.1158,0.68
107,74.424,361.27,35.8337,0.1253,0.6898
108,74.444,362.17,35.702,0.1257,0.6959
109,74.464,363.07,35.5924,0.1269,0.6869
110,74.484,363.96,35.1787,0.1469,0.6905
111,74.504,364.87,34.764,0.1555,0.6992
112,74.524,365.76,34.3186,0.156,0.6937
113,74.544,366.66,33.5382,0.1546,0.6668
114,74.564,367.55,33.0501,0.1424,0.7004
115,74.584,368.44,30.67,0.1245,0.6713
116,74.604,369.32,29.6354,0.1291,0.6889
117,74.624,370.2,29.3212,0.1117,0.7143
118,74.644,371.09,28.3578,0.1129,0.6805
119,74.664,371.97,27.9056,0.1206,0.7035
120,74.684,372.85,27.6333,0.1048,0.704
121,74.704,373.73,27.3375,0.1,0.7081
122,74.724,374.62,27.3785,0.0931,0.7025
123,74.744,375.5,27.4919,0.0947,0.6999
124,74.764,376.38,27.6755,0.0957,0.7072
125,74.784,377.27,27.6324,0.1013,0.7037
126,74.804,378.15,27.5987,0.1031,0.7008
127,74.824,379.03,27.7628,0.1085,0.699
128,74.844,379.91,27.9429,0.108,0.704
129,74.864,380.8,28.0791,0.1055,0.6947
130,74.884,381.68,27.9989,0.1003,0.7015
131,74.904,382.57,28.1568,0.7095,
132,74.924,383.46,28.6283,0.7056,
133,74.944,384.35,29.1056,0.7064,
134,74.964,385.24,29.0056,0.7094,
135,74.984,386.13,28.4184,0.6927,
136,75.002,387.0,28.1726,,
1,75.302,260.0,26.6509,,
2,75.322,261.95,31.3868,0.6747,
3,75.342,263.64,35.3981,0.6752,
4,75.362,264.92,37.2623,0.0926,0.6643
5,75.382,265.96,38.4096,0.0962,0.6651
6,75.402,266.88,38.3869,0.0984,0.6651
7,75.422,267.78,37.3873,0.1056,0.681
8,75.442,268.67,36.869,0.1124,0.6677
9,75.462,269.58,36.6973,0.1094,0.6799
10,75.482,270.48,37.0372,0.114,0.6975
11,75.502,271.37,36.7983,0.1158,0.6935
12,75.522,272.26,36.2678,0.1179,0.6839
13,75.542,273.14,35.597,0.1197,0.6926
14,75.562,274.02,35.3093,0.1153,0.6846
15,75.582,274.91,35.5226,0.1206,0.6998
16,75.602,275.79,35.8799,0.1173,0.6898
17,75.622,276.67,36.3123,0.1222,0.6852
18,75.642,277.56,36.9669,0.115,0.6793
19,75.662,278.45,36.9138,0.1106,0.6926
20,75.682,279.33,36.0062,0.1132,0.6994
21,75.702,280.22,35.4445,0.1114,0.7002
22,75.722,281.11,34.8446,0.1084,0.6903
23,75.742,281.99,33.6596,0.1069,0.6898
24,75.762,282.87,32.9804,0.0992,0.6956
25,75.782,283.75,32.502,0.0991,0.6994
26,75.802,284.63,32.4093,0.1007,0.7061
27,75.822,285.5,32.5937,0.1021,0.6965
28,75.842,286.39,32.8903,0.1052,0.6996
29,75.862,287.27,32.9169,0.1078,0.6934
30,75.882,288.16,32.6746,0.1122,0.6945
31,75.902,289.03,32.4623,0.1146,0.7088
32,75.922,289.91,32.5996,0.1184,0.7093
33,75.942,290.8,33.0416,0.1204,0.7074
34,75.962,291.69,33.8069,0.1179,0.7067
35,75.982,292.57,34.7459,0.1156,0.7057
36,76.002,293.46,35.7175,0.1187,0.7012
37,76.022,294.35,36.587,0.1213,0.7152
38,76.042,295.23,36.915,0.1256,0.7028
39,76.062,296.13,36.8308,0.1272,0.7061
40,76.082,297.03,36.6371,0.1271,0.7139
41,76.102,297.92,36.462,0.1248,0.7036
42,76.122,298.82,36.4601,0.1239,0.7077
43,76.142,299.71,36.688,0.1207,0.7053
44,76.162,300.61,36.9603,0.1221,0.7113
45,76.182,301.5,37.1541,0.1247,0.7117
46,76.202,302.41,37.1328,0.127,0.7124
47,76.222,303.3,36.2829,0.1261,0.7142
48,76.242,304.2,35.4062,0.1247,0.7301
49,76.262,305.09,34.9709,0.122,0.7143
50,76.282,305.99,34.8744,0.1192,0.7029
51,76.302,306.88,34.9953,0.1161,0.7005
52,76.322,307.79,35.2296,0.1166,0.7006
53,76.342,308.68,35.5481,0.1151,0.7101
54,76.362,309.57,35.4501,0.1145,0.72
55,76.382,310.47,34.6768,0.1167,0.724
56,76.402,311.37,33.3429,0.1129,0.7175
57,76.422,312.25,32.2882,0.1091,0.7139
58,76.442,313.14,31.6228,0.1051,0.7102
59,76.462,314.03,31.2233,0.1026,0.7201
60,76.482,314.91,30.8186,0.1057,0.72
61,76.502,315.79,30.5437,0.1056,0.7193
62,76.522,316.68,30.2599,0.1028,0.7202
63,76.542,317.57,29.8596,0.1,0.7139
64,76.562,318.45,29.295,0.0986,0.7121
65,76.582,319.33,28.3712,0.0966,0.7235
66,76.602,320.2,27.4138,0.0957,0.7182
67,76.622,321.07,26.7929,0.094,0.7153
68,76.642,321.94,26.5409,0.0913,0.7336
69,76.662,322.81,26.575,0.0935,0.723
70,76.682,323.69,26.8866,0.0944,0.7236
71,76.702,324.57,27.336,0.0928,0.7274
72,76.722,325.45,27.9577,0.0958,0.7294
73,76.742,326.33,28.701,0.0981,0.7346
74,76.762,327.22,29.4093,0.101,0.7289
75,76.782,328.1,30.1815,0.1024,0.7364
76,76.802,328.99,30.9388,0.1032,0.7287
77,76.822,329.89,31.6557,0.1036,0.7347
78,76.842,330.77,32.0452,0.1081,0.7299
79,76.862,331.66,32.3705,0.1081,0.734
80,76.882,332.55,32.4809,0.1106,0.7304
81,76.902,333.45,32.501,0.1125,0.7377
82,76.922,334.33,32.0957,0.1103,0.7229
83,76.942,335.22,31.3155,0.1072,0.7083
84,76.962,336.11,30.527,0.107,0.7288
85,76.982,336.99,29.5925,0.112,0.7281
86,77.002,337.88,29.326,0.1134,0.7284
87,77.022,338.77,29.6222,0.1116,0.7422
88,77.042,339.66,30.3189,0.1029,0.7279
89,77.062,340.54,30.9932,0.1019,0.7386
90,77.082,341.44,31.832,0.1029,0.7329
91,77.102,342.33,32.6134,0.1025,0.722
92,77.122,343.22,32.9631,0.1022,0.7234
93,77.142,344.12,32.5075,0.1034,0.728
94,77.162,345.01,31.575,0.1021,0.7254
95,77.182,345.89,30.9274,0.1021,0.7395
96,77.202,346.78,30.3121,0.1006,0.734
97,77.222,347.67,29.7537,0.0979,0.7202
98,77.242,348.55,29.0847,0.0904,0.7174
99,77.262,349.43,28.6814,0.0861,0.7219
100,77.282,350.31,28.2543,0.0842,0.7226
101,77.302,351.19,27.8494,0.0821,0.7308
102,77.322,352.06,27.3749,0.0806,0.7248
103,77.342,352.93,27.1873,0.0802,0.7364
104,77.362,353.81,27.1668,0.0788,0.7285
105,77.382,354.68,26.7194,0.0751,0.7311
106,77.402,355.55,25.5823,0.073,0.7301
107,77.422,356.42,24.5511,0.0723,0.7396
108,77.442,357.29,24.1789,0.0716,0.7432
109,77.462,358.16,24.1692,0.0754,0.7407
110,77.482,359.03,23.6863,0.075,0.7355
111,77.502,359.89,22.7184,0.0733,0.7286
112,77.522,360.75,21.9471,0.0704,0.7337
113,77.542,361.61,21.5088,0.0672,0.7472
114,77.562,362.47,21.227,0.0653,0.734
115,77.582,363.33,21.3112,0.0626,0.7384
116,77.602,364.2,21.8653,0.0658,0.7468
117,77.622,365.07,22.5487,0.0705,0.7412
118,77.642,365.93,22.6174,0.0693,0.733
119,77.662,366.8,22.062,0.069,0.7254
120,77.682,367.66,21.4212,0.067,0.7391
121,77.702,368.52,20.6461,0.0585,0.7349
122,77.722,369.38,20.1511,0.0566,0.738
123,77.742,370.24,20.3129,0.0577,0.7399
124,77.762,371.11,20.8688,0.0595,0.7437
125,77.782,371.98,21.705,0.0602,0.7384
126,77.802,372.84,22.1135,0.0585,0.7415
127,77.822,373.71,21.8535,0.0623,0.7404
128,77.842,374.58,21.8409,0.0634,0.7437
129,77.862,375.44,22.2349,0.0649,0.7517
130,77.882,376.31,23.0168,0.067,0.7452
131,77.902,377.18,23.5591,0.7411,
132,77.922,378.05,23.902,0.7459,
133,77.942,378.93,24.6599,0.7477,
134,77.962,379.8,25.684,0.7503,
135,77.982,380.68,26.7923,0.7403,
1,78.303,220.5,17.2673,,
2,78.323,221.41,17.6523,0.7314,
3,78.343,222.32,17.9635,0.7261,
4,78.363,223.22,18.2676,0.0616,0.7299
5,78.383,224.12,18.4562,0.0658,0.7348
6,78.403,225.01,18.585,0.0765,0.7379
7,78.423,225.91,18.7245,0.0794,0.739
8,78.443,226.8,18.8,0.0834,0.7443
9,78.463,227.69,18.954,0.0868,0.7394
10,78.483,228.58,19.1552,0.0895,0.7497
11,78.503,229.48,19.3302,0.092,0.7456
12,78.523,230.37,19.8669,0.0964,0.7444
13,78.543,231.26,20.4736,0.0942,0.7459
14,78.563,232.16,21.2486,0.0901,0.7487
15,78.583,233.06,22.2531,0.0862,0.7474
16,78.603,233.96,23.581,0.0854,0.7481
17,78.623,234.86,24.802,0.0871,0.7459
18,78.643,235.75,25.0056,0.0867,0.7441
19,78.663,236.65,23.7607,0.0878,0.7568
20,78.683,237.55,22.3461,0.0883,0.743
21,78.703,238.45,21.7104,0.0826,0.7339
22,78.723,239.33,20.9788,0.0796,0.7387
23,78.743,240.22,20.7855,0.0832,0.7426
24,78.763,241.12,20.454,0.0836,0.7459
25,78.783,242.02,20.3453,0.085,0.753
26,78.803,242.91,20.1496,0.075,0.7505
27,78.823,243.8,20.0676,0.0753,0.7536
28,78.843,244.69,20.1061,0.0746,0.7528
29,78.863,245.58,20.3573,0.0743,0.7551
30,78.883,246.47,20.7136,0.0769,0.7543
31,78.903,247.36,21.2032,0.0777,0.7537
32,78.923,248.26,21.896,0.0803,0.755
33,78.943,249.15,22.8968,0.0858,0.7602
34,78.963,250.06,24.2406,0.0913,0.7598
35,78.983,250.95,25.6679,0.095,0.7575
36,79.003,251.86,26.5804,0.1005,0.7553
37,79.023,252.76,26.607,0.1021,0.7617
38,79.043,253.66,25.8935,0.1037,0.7549
39,79.063,254.56,25.061,0.1006,0.7614
40,79.083,255.46,24.847,0.0968,0.7509
41,79.103,256.36,25.3501,0.0944,0.7622
42,79.123,257.26,26.1255,0.0941,0.7655
43,79.143,258.16,26.525,0.0927,0.7578
44,79.163,259.06,26.1114,0.0897,0.7614
45,79.183,259.95,24.9812,0.0842,0.7528
46,79.203,260.86,23.1645,0.0787,0.7543
47,79.223,261.75,21.0708,0.0714,0.7623
48,79.243,262.62,19.3699,0.0679,0.7615
49,79.263,263.5,18.3884,0.0625,0.7599
50,79.283,264.38,17.8914,0.0598,0.7641
51,79.303,265.26,17.8158,0.0599,0.7617
52,79.323,266.14,18.1338,0.0599,0.7667
53,79.343,267.03,18.6857,0.0594,0.7673
54,79.363,267.92,19.0887,0.0634,0.7647
55,79.383,268.8,18.9534,0.0646,0.7662
56,79.403,269.69,18.5037,0.0636,0.7664
57,79.423,270.57,17.9796,0.0623,0.7676
58,79.443,271.46,17.4024,0.0617,0.7675
59,79.463,272.33,16.602,0.0601,0.767
60,79.483,273.21,15.6777,0.0586,0.7672
61,79.503,274.09,14.7265,0.0584,0.7688
62,79.523,274.96,13.8441,0.059,0.7682
63,79.543,275.83,13.2415,0.0586,0.7676
64,79.563,276.69,12.8923,0.0568,0.7712
65,79.583,277.56,12.7288,0.0575,0.7707
66,79.603,278.43,12.7465,0.0591,0.7723
67,79.623,279.29,12.8475,0.0609,0.7752
68,79.643,280.16,13.0348,0.0634,0.7751
69,79.663,281.03,13.2059,0.0645,0.7735
70,79.683,281.9,13.3979,0.0689,0.7724
71,79.703,282.77,13.5992,0.0737,0.7739
72,79.723,283.64,13.8857,0.0783,0.7751
73,79.743,284.51,14.3427,0.0784,0.7776
74,79.763,285.38,14.7601,0.0838,0.7786
75,79.783,286.26,15.015,0.0902,0.7715
76,79.803,287.13,15.0519,0.0952,0.7597
77,79.823,288.0,15.1367,0.0949,0.7677
78,79.843,288.88,15.8812,0.0938,0.7796
79,79.863,289.76,16.8728,0.0917,0.7836
80,79.883,290.63,17.626,0.0919,0.7497
81,79.903,291.51,18.2185,0.0884,0.748
82,79.923,292.39,18.5806,0.0803,0.754
83,79.943,293.27,18.8266,0.0806,0.7718
84,79.963,294.16,19.1068,0.0841,0.7775
85,79.983,295.03,19.1733,0.0854,0.77
86,80.003,295.92,19.1281,0.0838,0.7704
87,80.023,296.8,19.3625,0.0846,0.7723
88,80.043,297.69,20.0615,0.0866,0.7765
89,80.063,298.57,21.3448,0.0904,0.7818
90,80.083,299.47,23.2569,0.092,0.7803
91,80.103,300.36,25.3166,0.0918,0.7793
92,80.123,301.26,26.9931,0.0985,0.7791
93,80.143,302.16,28.5368,0.1042,0.7783
94,80.163,303.07,30.0611,0.1041,0.7751
95,80.183,303.97,31.7547,0.1053,0.7768
96,80.203,304.9,33.5061,0.1092,0.7725
97,80.223,305.82,34.7212,0.1102,0.7779
98,80.243,306.73,35.9574,0.1149,0.7646
99,80.263,307.66,37.6051,0.1151,0.7612
100,80.283,308.6,38.7046,0.1162,0.7704
101,80.303,309.56,39.4316,0.1452,0.7666
102,80.323,310.49,39.7362,0.1436,0.754
103,80.343,311.39,39.603,0.1457,0.7611
104,80.363,312.3,39.2529,0.1489,0.7586
105,80.383,313.2,38.6571,0.1511,0.7428
106,80.403,314.1,38.3046,0.158,0.767
107,80.423,315.0,37.4377,0.1537,0.7678
108,80.443,315.91,37.8363,0.1522,0.7579
109,80.463,316.81,37.4923,0.1496,0.7956
110,80.483,317.71,36.9305,0.1517,0.7781
111,80.503,318.62,36.2949,0.1418,0.7874
112,80.523,319.52,35.1102,0.1339,0.7771
113,80.543,320.42,32.726,0.1228,0.7836
114,80.563,321.31,28.9255,0.1098,0.7725
115,80.583,322.19,26.0319,0.0958,0.7746
116,80.603,323.07,24.0142,0.0868,0.7721
117,80.623,323.93,22.5319,0.0784,0.7825
118,80.643,324.8,21.436,0.0716,0.7872
119,80.663,325.67,20.7623,0.0684,0.7854
120,80.683,326.54,20.3639,0.066,0.7897
121,80.703,327.39,20.0735,0.0631,0.7896
122,80.723,328.26,19.87,0.0618,0.7854
123,80.743,329.13,19.7569,0.061,0.7947
124,80.763,329.99,19.6474,0.0621,0.7948
125,80.783,330.86,19.339,0.0642,0.7958
126,80.803,331.72,19.0753,0.0654,0.7973
127,80.823,332.58,18.951,0.0654,0.7961
128,80.843,333.44,18.9869,0.0661,0.7991
129,80.863,334.3,19.149,0.0649,0.7983
130,80.883,335.17,19.4855,0.0646,0.8001
131,80.903,336.04,19.6307,0.0622,0.7977
132,80.923,336.91,19.4954,0.7977,
133,80.943,337.77,19.2781,0.798,
134,80.963,338.64,19.152,0.799,
135,80.983,339.51,19.0009,0.7993,
136,81.003,340.43,19.0324,,
1,81.298,248.5,13.6608,,
2,81.318,249.66,14.763,0.7599,
3,81.338,250.8,15.194,0.7551,
4,81.358,251.89,15.7087,0.0434,0.7505
5,81.378,252.89,16.5345,0.0431,0.7464
6,81.398,253.92,18.0588,0.0479,0.7457
7,81.418,255.29,21.1615,0.0541,0.7488
8,81.438,257.26,24.7275,0.061,0.753
9,81.458,258.88,27.4979,0.0693,0.7512
10,81.478,260.18,29.5349,0.0798,0.753
11,81.498,261.24,30.6002,0.0916,0.7529
12,81.518,262.18,30.5607,0.1034,0.7484
13,81.538,263.09,30.1795,0.1167,0.7546
14,81.558,263.98,29.5477,0.1255,0.7562
15,81.578,264.88,28.7341,0.1323,0.7513
16,81.598,265.77,27.8955,0.1385,0.7623
17,81.618,266.66,27.0959,0.1395,0.7463
18,81.638,267.54,26.3824,0.1344,0.7541
19,81.658,268.42,25.7458,0.1326,0.7592
20,81.678,269.31,25.4949,0.1347,0.7601
21,81.698,270.19,25.6462,0.1377,0.7589
22,81.718,271.08,25.6112,0.1371,0.7573
23,81.738,271.96,24.946,0.137,0.7625
24,81.758,272.84,24.2496,0.1334,0.763
25,81.778,273.72,23.7713,0.1286,0.7617
26,81.798,274.6,23.3844,0.1234,0.7609
27,81.818,275.49,22.9838,0.1212,0.7582
28,81.838,276.36,22.7712,0.119,0.7655
29,81.858,277.23,22.7269,0.1184,0.7623
30,81.878,278.11,22.7739,0.1188,0.7629
31,81.898,278.98,22.9088,0.1205,0.763
32,81.918,279.86,23.0756,0.1233,0.7632
33,81.938,280.74,23.2845,0.1253,0.766
34,81.958,281.62,23.3331,0.127,0.7669
35,81.978,282.5,23.0949,0.1281,0.7625
36,81.998,283.38,22.8964,0.1291,0.7645
37,82.018,284.25,22.7698,0.1286,0.7653
38,82.038,285.13,22.606,0.128,0.7604
39,82.058,286.0,22.434,0.1283,0.7652
40,82.078,286.88,22.3412,0.1278,0.7647
41,82.098,287.76,22.331,0.1274,0.767
42,82.118,288.63,22.1455,0.1278,0.7663
43,82.138,289.51,22.0781,0.1275,0.7675
44,82.158,290.38,22.0352,0.127,0.7672
45,82.178,291.26,21.9388,0.1273,0.7684
46,82.198,292.13,21.9122,0.1263,0.7683
47,82.218,293.0,22.0326,0.1255,0.7691
48,82.238,293.87,22.1972,0.1262,0.7687
49,82.258,294.75,22.5571,0.1265,0.7728
50,82.278,295.63,23.2435,0.1285,0.7701
51,82.298,296.51,24.0351,0.1305,0.7723
52,82.318,297.4,24.3229,0.1333,0.7798
53,82.338,298.27,24.3918,0.1358,0.7703
54,82.358,299.16,24.519,0.1374,0.773
55,82.378,300.04,24.9586,0.136,0.7721
56,82.398,300.92,25.3815,0.1367,0.7701
57,82.418,301.8,25.7013,0.138,0.7726
58,82.438,302.69,26.25,0.1385,0.7708
59,82.458,303.57,27.0213,0.14,0.7722
60,82.478,304.46,27.6093,0.1401,0.7764
61,82.498,305.35,28.1312,0.1435,0.775
62,82.518,306.24,28.7498,0.1468,0.7736
63,82.538,307.14,29.4979,0.1544,0.7742
64,82.558,308.03,30.0167,0.1544,0.7694
65,82.578,308.93,30.2205,0.1564,0.7746
66,82.598,309.82,30.567,0.1591,0.7771
67,82.618,310.71,31.6336,0.1628,0.7892
68,82.638,311.61,33.0372,0.1661,0.7792
69,82.658,312.52,33.8465,0.1732,0.7609
70,82.678,313.42,33.9623,0.1752,0.7748
71,82.698,314.33,33.4828,0.1784,0.778
72,82.718,315.23,32.7073,0.1784,0.7659
73,82.738,316.13,31.9589,0.1744,0.7708
74,82.758,317.02,31.0904,0.1692,0.7747
75,82.778,317.91,29.4243,0.1604,0.7735
76,82.798,318.8,27.3528,0.1543,0.7689
77,82.818,319.68,25.6479,0.1471,0.7645
78,82.838,320.56,24.1928,0.1393,0.7656
79,82.858,321.44,23.075,0.1342,0.7758
80,82.878,322.31,22.3264,0.1318,0.7925
81,82.898,323.18,21.8622,0.1295,0.778
82,82.918,324.05,21.7333,0.1282,0.7752
83,82.938,324.92,21.7357,0.1255,0.7738
84,82.958,325.79,22.0824,0.1274,0.7828
85,82.978,326.66,22.6865,0.1296,0.7805
86,82.998,327.54,23.4204,0.1296,0.7787
87,83.018,328.42,24.1882,0.1329,0.7802
88,83.038,329.29,25.0435,0.1335,0.7793
89,83.058,330.18,26.311,0.1339,0.7817
90,83.078,331.07,27.8408,0.1356,0.7796
91,83.098,331.95,29.5472,0.1444,0.7816
92,83.118,332.84,31.2936,0.1507,0.7953
93,83.138,333.74,32.7873,0.1534,0.7863
94,83.158,334.64,33.7294,0.16,0.7843
95,83.178,335.54,34.7333,0.1701,0.7938
96,83.198,336.45,35.9218,0.1722,0.7752
97,83.218,337.35,37.0769,0.1719,0.7735
98,83.238,338.26,37.964,0.1671,0.7867
99,83.258,339.17,38.896,0.1722,0.7943
100,83.278,340.09,39.4612,0.1812,0.7907
101,83.298,341.0,39.9897,0.1798,0.7681
102,83.318,341.92,40.4251,0.1746,0.7461
103,83.338,342.86,41.1173,0.1686,0.8132
104,83.358,343.81,42.0519,0.1741,0.7972
105,83.378,344.81,42.5265,0.1767,0.792
106,83.398,345.82,43.1777,0.1815,0.7897
107,83.418,346.9,44.1362,0.1747,0.7613
108,83.438,348.09,45.837,0.1624,0.7681
109,83.458,349.41,47.5741,0.167,0.7869
110,83.478,350.68,48.4267,0.161,0.7303
111,83.498,351.73,49.2531,0.15,0.7392
112,83.518,352.65,48.202,0.1553,0.7192
113,83.538,353.55,45.1314,0.1574,0.7398
114,83.558,354.45,40.954,0.1647,0.7536
115,83.578,355.32,36.3984,0.1607,0.7685
116,83.598,356.19,32.8112,0.1563,0.8383
117,83.618,357.06,29.8438,0.159,0.7853
118,83.638,357.91,28.2139,0.1585,0.8075
119,83.658,358.76,27.1639,0.1485,0.8163
120,83.678,359.61,26.3111,0.1415,0.7749
121,83.698,360.47,25.6081,0.1381,0.8107
122,83.718,361.32,25.2322,0.1389,0.803
123,83.738,362.18,24.9115,0.1401,0.8054
124,83.758,363.03,24.7824,0.1408,0.7993
125,83.778,363.88,24.7434,0.1415,0.8
126,83.798,364.74,25.2166,0.143,0.8263
127,83.818,365.59,26.0366,0.1385,0.7979
128,83.838,366.45,26.8779,0.1325,0.7964
129,83.858,367.31,27.5452,0.1281,0.8
130,83.878,368.17,28.1311,0.1251,0.7863
131,83.898,369.04,29.0325,0.1183,0.8045
132,83.918,369.9,28.9544,0.834,
133,83.938,370.77,29.3768,0.7643,
134,83.958,371.64,30.0243,0.8015,
135,83.978,372.51,30.649,0.8278,
136,83.998,373.43,30.5328,,
1,84.295,292.0,19.3244,,
2,84.315,294.03,22.8339,0.7634,
3,84.335,295.4,24.2753,0.7566,
4,84.355,296.49,24.8622,0.0904,0.7514
5,84.375,297.45,25.0863,0.0928,0.7466
6,84.395,298.35,25.0238,0.1014,0.7574
7,84.415,299.26,25.3598,0.1127,0.7515
8,84.435,300.16,25.7445,0.1213,0.7581
9,84.455,301.08,26.3455,0.1192,0.7602
10,84.475,302.03,27.3964,0.1228,0.7649
11,84.495,303.16,29.5757,0.1333,0.7651
12,84.515,304.71,32.7662,0.1416,0.7683
13,84.535,306.5,35.1628,0.1414,0.7718
14,84.555,307.89,36.9488,0.1421,0.7724
15,84.575,309.07,38.3874,0.1508,0.7751
16,84.595,310.14,40.0616,0.1538,0.7867
17,84.615,311.11,41.4038,0.1628,0.7803
18,84.635,312.04,42.0931,0.1584,0.7413
19,84.655,312.95,41.972,0.1555,0.7412
20,84.675,313.83,39.3548,0.1545,0.6827
21,84.695,314.72,36.2836,0.1558,0.7642
22,84.715,315.61,34.3432,0.1522,0.7277
23,84.735,316.49,32.8097,0.1452,0.7779
24,84.755,317.37,32.2494,0.138,0.7713
25,84.775,318.25,32.2054,0.1375,0.7692
26,84.795,319.14,33.0217,0.139,0.7829
27,84.815,320.02,34.1015,0.1443,0.8052
28,84.835,320.92,36.0114,0.149,0.7981
29,84.855,321.82,38.2509,0.1537,0.7961
30,84.875,322.73,39.748,0.1609,0.8093
31,84.895,323.63,40.6984,0.1747,0.8083
32,84.915,324.54,41.2931,0.1879,0.8216
33,84.935,325.44,41.2063,0.22,0.8301
34,84.955,326.35,40.5678,0.1994,0.8098
35,84.975,327.25,39.9428,0.1816,0.7281
36,84.995,328.16,39.4407,0.1651,0.7457
37,85.015,329.06,39.526,0.1492,0.686
38,85.035,329.97,39.4875,0.145,0.7884
39,85.055,330.87,38.6429,0.1411,0.765
40,85.075,331.78,39.3283,0.1536,0.7347
41,85.095,332.68,39.8796,0.1688,0.8679
42,85.115,333.58,39.7036,0.1543,0.7358
43,85.135,334.47,39.0114,0.1502,0.7029
44,85.155,335.37,35.8813,0.147,0.8164
45,85.175,336.26,32.7603,0.1439,0.7853
46,85.195,337.13,29.9625,0.1262,0.7422
47,85.215,338.01,27.7762,0.1211,0.7354
48,85.235,338.88,26.1395,0.1141,0.783
49,85.255,339.75,25.4205,0.1116,0.7863
50,85.275,340.61,25.154,0.11,0.7693
51,85.295,341.47,24.9905,0.106,0.7507
52,85.315,342.34,25.3731,0.1044,0.7876
53,85.335,343.21,25.9905,0.1034,0.785
54,85.355,344.08,26.9021,0.1051,0.7976
55,85.375,344.95,28.0706,0.1124,0.7862
56,85.395,345.83,29.2927,0.1197,0.7931
57,85.415,346.71,30.1741,0.1221,0.782
58,85.435,347.59,30.5914,0.1275,0.7976
59,85.455,348.47,30.2991,0.1241,0.7788
60,85.475,349.34,29.3032,0.1161,0.775
61,85.495,350.21,28.0465,0.1058,0.759
62,85.515,351.07,26.7476,0.1041,0.749
63,85.535,351.93,25.764,0.1136,0.8036
64,85.555,352.8,25.5609,0.1175,0.7911
65,85.575,353.66,25.6726,0.1109,0.7667
66,85.595,354.52,26.4188,0.107,0.7786
67,85.615,355.39,27.4323,0.107,0.7457
68,85.635,356.27,28.5298,0.1131,0.7834
69,85.655,357.15,29.7273,0.1163,0.7777
70,85.675,358.03,30.58,0.0997,0.7808
71,85.695,358.91,30.7232,0.1025,0.7719
72,85.715,359.79,31.4654,0.1103,0.8004
73,85.735,360.67,32.974,0.1198,0.7935
74,85.755,361.55,33.6125,0.1238,0.7835
75,85.775,362.44,33.0108,0.11,0.7847
76,85.795,363.31,30.7818,0.1104,0.7869
77,85.815,364.19,29.3529,0.1154,0.7533
78,85.835,365.06,28.0265,0.1124,0.7845
79,85.855,365.93,27.2536,0.1124,0.7599
80,85.875,366.79,26.9784,0.1103,0.8007
81,85.895,367.66,27.149,0.11,0.787
82,85.915,368.54,27.7563,0.1025,0.799
83,85.935,369.41,28.9184,0.114,0.8029
84,85.955,370.28,29.6008,0.1136,0.7836
85,85.975,371.16,30.2383,0.1193,0.8061
86,85.995,372.04,30.6242,0.1196,0.78
87,86.015,372.93,31.1868,0.1164,0.7973
88,86.035,373.81,31.56,0.1187,0.7717
89,86.055,374.7,32.7292,0.1235,0.7772
90,86.075,375.59,34.8521,0.1254,0.8055
91,86.095,376.49,36.5638,0.1415,0.8252
92,86.115,377.39,37.2031,0.1513,0.7496
93,86.135,378.28,37.1809,0.1534,0.8108
94,86.155,379.18,36.8586,0.1546,0.7987
95,86.175,380.07,37.683,0.1588,0.7584
96,86.195,380.98,39.4115,0.1457,0.7922
97,86.215,381.89,41.1418,0.1242,0.7946
98,86.235,382.79,40.5082,0.127,0.7363
99,86.255,383.69,38.7673,0.118,0.8114
100,86.275,384.59,36.3193,0.0894,0.7782
101,86.295,385.48,34.1475,0.0903,0.7696
102,86.315,386.36,32.8362,0.093,0.7378
103,86.335,387.23,31.3085,0.0941,0.7797
104,86.355,388.1,29.5842,0.0946,0.7895
105,86.375,388.96,27.6511,0.0949,0.7526
106,86.395,389.83,26.2145,0.1039,0.8057
107,86.415,390.69,25.5209,0.104,0.7878
108,86.435,391.56,25.6618,0.1097,0.7847
109,86.455,392.42,25.519,0.1046,0.8229
110,86.475,393.29,25.2928,0.1085,0.8016
111,86.495,394.15,24.8028,0.1067,0.7867
112,86.515,395.01,24.2363,0.0971,0.8021
113,86.535,395.87,23.9652,0.0934,0.7789
114,86.555,396.74,24.0412,0.0893,0.7682
115,86.575,397.6,24.0065,0.0874,0.7881
116,86.595,398.47,23.6595,0.0898,0.8065
117,86.615,399.33,23.1107,0.089,0.8084
118,86.635,400.18,22.7768,0.1021,0.7855
119,86.655,401.05,23.2279,0.1158,0.7969
120,86.675,401.91,24.2439,0.0899,0.8012
121,86.695,402.77,25.7232,0.0873,0.7475
122,86.715,403.64,27.6061,0.0992,0.7843
123,86.735,404.52,28.1401,0.1075,0.7849
124,86.755,405.4,29.0613,0.0957,0.7545
125,86.775,406.28,30.7925,0.0951,0.7871
126,86.795,407.17,31.3599,0.1066,0.7865
127,86.815,408.05,30.653,0.1158,0.7917
128,86.835,408.93,30.5632,0.1171,0.7883
129,86.855,409.81,30.4211,0.1181,0.7847
130,86.875,410.69,29.7721,0.1158,0.7776
131,86.895,411.56,28.7767,0.1098,0.7593
132,86.915,412.43,27.2896,0.839,
133,86.935,413.3,26.3367,0.7651,
134,86.955,414.17,25.7019,0.8226,
135,86.975,415.04,25.1122,0.7919,
136,86.995,415.94,24.2402,,
1,87.3,298.0,13.5175,,
2,87.32,299.39,16.1127,0.7872,
3,87.34,301.26,18.751,0.7816,
4,87.36,302.89,20.8685,0.1032,0.7726
5,87.38,304.24,22.6707,0.1029,0.7677
6,87.4,305.36,23.7223,0.103,0.7611
7,87.42,306.36,24.5125,0.1033,0.7657
8,87.44,307.28,24.5762,0.1031,0.7715
9,87.46,308.19,24.073,0.1039,0.7681
10,87.48,309.07,23.0866,0.1021,0.7783
11,87.5,309.96,22.0264,0.1024,0.7805
12,87.52,310.86,21.3467,0.1036,0.7817
13,87.54,311.75,20.9106,0.1067,0.7969
14,87.56,312.64,20.8097,0.1129,0.7862
15,87.58,313.54,20.8062,0.1145,0.7903
16,87.6,314.43,21.0597,0.1124,0.7814
17,87.62,315.33,21.3367,0.1138,0.7899
18,87.64,316.22,21.9857,0.119,0.7881
19,87.66,317.11,22.9821,0.1248,0.7916
20,87.68,318.0,24.1957,0.1325,0.7912
21,87.7,318.9,25.5585,0.1393,0.7916
22,87.72,319.83,27.4508,0.1328,0.7893
23,87.74,320.86,29.8274,0.139,0.7942
24,87.76,321.98,31.2933,0.1474,0.7926
25,87.78,323.07,31.7012,0.1516,0.7909
26,87.8,324.01,30.4536,0.1472,0.796
27,87.82,324.92,28.1921,0.1528,0.7511
28,87.84,325.81,26.0422,0.1528,0.7726
29,87.86,326.7,26.6291,0.146,0.7789
30,87.88,327.61,27.3427,0.1295,0.775
31,87.9,328.51,26.9904,0.1291,0.7983
32,87.92,329.42,27.0203,0.1315,0.8008
33,87.94,330.32,27.3665,0.1309,0.8027
34,87.96,331.22,27.5677,0.1271,0.8046
35,87.98,332.12,27.3917,0.1274,0.7999
36,88.0,333.03,27.065,0.1287,0.7964
37,88.02,333.92,26.6898,0.1277,0.7985
38,88.04,334.82,26.4091,0.1261,0.8023
39,88.06,335.72,26.3477,0.1259,0.7986
40,88.08,336.62,26.5643,0.1287,0.7958
41,88.1,337.52,27.0507,0.1314,0.7956
42,88.12,338.42,27.6129,0.1321,0.8019
43,88.14,339.32,28.0516,0.1344,0.7998
44,88.16,340.23,28.2946,0.1368,0.8018
45,88.18,341.12,28.3393,0.138,0.8055
46,88.2,342.02,28.2697,0.1388,0.7949
47,88.22,342.92,28.4401,0.1375,0.7995
48,88.24,343.83,28.9931,0.138,0.7967
49,88.26,344.74,29.7064,0.1394,0.8039
50,88.28,345.64,29.8485,0.145,0.7963
51,88.3,346.54,29.9487,0.1439,0.8119
52,88.32,347.45,29.8211,0.1402,0.7965
53,88.34,348.34,29.8805,0.1403,0.8039
54,88.36,349.26,30.5049,0.1432,0.8171
55,88.38,350.16,31.3939,0.1416,0.8017
56,88.4,351.09,31.8849,0.1474,0.796
57,88.42,352.01,31.9679,0.1503,0.8094
58,88.44,352.94,32.2713,0.1508,0.7916
59,88.46,353.9,33.4083,0.1529,0.7914
60,88.48,354.93,34.567,0.1641,0.7742
61,88.5,355.98,35.4631,0.1716,0.7964
62,88.52,357.04,35.9032,0.1808,0.8097
63,88.54,358.21,37.7998,0.1834,0.8083
64,88.56,359.48,39.2794,0.1768,0.8269
65,88.58,360.88,40.6857,0.1589,0.8148
66,88.6,362.42,42.2341,0.2021,0.7921
67,88.62,364.1,44.1729,0.2055,0.8444
68,88.64,365.45,45.1909,0.2143,0.7932
69,88.66,366.54,46.5285,0.2106,0.82
70,88.68,367.45,44.9563,0.1947,0.754
71,88.7,368.36,44.5202,0.2062,0.7754
72,88.72,369.25,43.9284,0.1888,0.7934
73,88.74,370.16,43.471,0.1819,0.7824
74,88.76,371.06,43.9259,0.2093,0.7673
75,88.78,371.97,45.0739,0.1958,0.8135
76,88.8,372.86,45.9553,0.1804,0.7475
77,88.82,373.77,47.0347,0.1779,0.8177
78,88.84,374.67,46.2615,0.1847,0.7156
79,88.86,375.58,45.5722,0.1924,0.7414
80,88.88,376.47,44.5448,0.2058,0.7435
81,88.9,377.36,42.5992,0.2215,0.8248
82,88.92,378.25,40.8603,0.2234,0.8274
83,88.94,379.13,39.1585,0.2088,0.7796
84,88.96,380.01,36.7546,0.2053,0.8121
85,88.98,380.88,33.6823,0.1994,0.8001
86,89.0,381.74,31.0966,0.1812,0.7906
87,89.02,382.6,29.0825,0.1664,0.7799
88,89.04,383.44,27.827,0.1548,0.7719
89,89.06,384.3,26.8547,0.1483,0.7791
90,89.08,385.16,26.2065,0.1478,0.7948
91,89.1,386.01,25.8288,0.1462,0.7961
92,89.12,386.87,25.951,0.1445,0.7879
93,89.14,387.73,26.2826,0.1433,0.8072
94,89.16,388.58,26.6243,0.147,0.8214
95,89.18,389.45,26.9475,0.1554,0.8039
96,89.2,390.31,27.4077,0.1585,0.8005
97,89.22,391.17,28.3314,0.1579,0.8144
98,89.24,392.04,29.3237,0.1638,0.8263
99,89.26,392.91,30.4256,0.1674,0.8411
100,89.28,393.79,31.8445,0.1714,0.8182
101,89.3,394.67,33.3971,0.1756,0.8184
102,89.32,395.55,35.0768,0.1727,0.796
103,89.34,396.44,37.2203,0.1709,0.8325
104,89.36,397.34,39.0527,0.1851,0.8137
105,89.38,398.23,39.812,0.1876,0.8279
106,89.4,399.12,39.6611,0.1857,0.8062
107,89.42,400.01,38.3067,0.1754,0.7857
108,89.44,400.89,36.4109,0.1677,0.843
109,89.46,401.77,34.6126,0.171,0.7713
110,89.48,402.65,33.7789,0.1737,0.7982
111,89.5,403.53,33.0894,0.165,0.8052
112,89.52,404.4,32.1099,0.1543,0.7896
113,89.54,405.27,31.5763,0.1457,0.7759
114,89.56,406.14,31.2249,0.1468,0.7994
115,89.58,407.01,30.8998,0.1553,0.8241
116,89.6,407.89,30.7747,0.1662,0.768
117,89.62,408.76,30.8973,0.1752,0.8152
118,89.64,409.63,30.9415,0.1777,0.8099
119,89.66,410.51,30.995,0.1982,0.8116
120,89.68,411.39,31.9631,0.2046,0.8064
121,89.7,412.27,33.2894,0.1984,0.8216
122,89.72,413.16,34.5773,0.187,0.8308
123,89.74,414.05,34.812,0.1805,0.801
124,89.76,414.93,35.0151,0.1762,0.7949
125,89.78,415.82,35.2017,0.1597,0.8428
126,89.8,416.71,34.7469,0.1396,0.8239
127,89.82,417.58,34.3607,0.1211,0.8119
128,89.84,418.47,33.6951,0.1064,0.8096
129,89.86,419.35,31.406,0.1146,0.8297
130,89.88,420.22,29.5957,0.1388,0.7958
131,89.9,421.08,27.605,0.808,
132,89.92,421.94,26.3349,0.8105,
133,89.94,422.81,25.2945,0.8128,
134,89.96,423.66,25.7472,0.809,
135,89.98,424.53,28.5151,0.812,
136,89.999,425.5,31.724,,
1,90.28,217.0,12.6784,,
2,90.3,218.82,18.0754,0.8272,
3,90.32,220.5,20.124,0.8348,
4,90.34,221.87,20.673,0.11,0.8211
5,90.36,223.46,22.1716,0.1153,0.8015
6,90.38,225.16,23.2102,0.1154,0.7977
7,90.4,226.65,23.4813,0.1256,0.7959
8,90.42,228.13,23.9816,0.1359,0.8066
9,90.44,229.8,25.5776,0.1291,0.816
10,90.46,231.93,28.0211,0.1089,0.8121
11,90.48,234.71,31.233,0.1103,0.815
12,90.5,238.03,34.8492,0.1108,0.8159
13,90.52,239.84,37.8929,0.12,0.8169
14,90.54,241.31,41.1749,0.1216,0.8089
15,90.56,242.57,43.3294,0.1361,0.8143
16,90.58,243.63,44.4254,0.1483,0.8027
17,90.6,244.56,43.5258,0.1443,0.8143
18,90.62,245.46,41.4301,0.1498,0.8225
19,90.64,246.36,38.7957,0.1577,0.8021
20,90.66,247.24,35.9793,0.1492,0.8202
21,90.68,248.12,33.3165,0.132,0.8202
22,90.7,249.0,32.2826,0.1355,0.8
23,90.72,249.87,31.4602,0.1317,0.8187
24,90.74,250.75,30.769,0.1259,0.8214
25,90.76,251.62,29.4581,0.1216,0.8195
26,90.78,252.49,28.5368,0.1252,0.8372
27,90.8,253.35,28.186,0.1272,0.8178
28,90.82,254.22,28.5754,0.1224,0.8242
29,90.84,255.09,29.7607,0.1358,0.8294
30,90.86,255.97,31.5929,0.1284,0.8283
31,90.88,256.86,33.7428,0.1286,0.8231
32,90.9,257.74,35.9921,0.1262,0.8045
33,90.92,258.63,36.0808,0.1215,0.8058
34,90.94,259.52,34.541,0.123,0.8223
35,90.96,260.39,32.0596,0.1199,0.8218
36,90.98,261.25,29.3448,0.1034,0.799
37,91.0,262.12,27.1454,0.1054,0.827
38,91.02,262.98,25.3029,0.1254,0.8055
39,91.04,263.83,23.6528,0.1421,0.8211
40,91.06,264.69,22.694,0.134,0.813
41,91.08,265.54,22.0534,0.1209,0.8318
42,91.1,266.39,22.9877,0.1142,0.8369
43,91.12,267.26,26.3036,0.1096,0.8178
44,91.14,268.13,30.2818,0.1153,0.8309
45,91.16,269.02,33.4402,0.1144,0.822
46,91.18,269.9,32.8564,0.1221,0.822
47,91.2,270.78,31.9883,0.1262,0.8364
48,91.22,271.66,31.4099,0.1336,0.8437
49,91.24,272.53,30.423,0.1577,0.8242
50,91.26,273.41,29.7919,0.1449,0.8401
51,91.28,274.28,29.105,0.1169,0.8345
52,91.3,275.15,28.7435,0.1149,0.8279
53,91.32,276.01,28.8669,0.1018,0.8157
54,91.34,276.88,29.5987,0.0951,0.8075
55,91.36,277.75,29.2287,0.0986,0.8172
56,91.38,278.63,28.4192,0.112,0.8119
57,91.4,279.5,26.9765,0.1176,0.8323
58,91.42,280.36,25.9695,0.1207,0.8335
59,91.44,281.23,24.9392,0.1429,0.8283
60,91.46,282.09,24.7809,0.1263,0.8349
61,91.48,282.94,24.8896,0.1159,0.843
62,91.5,283.8,25.1228,0.1019,0.8285
63,91.52,284.67,25.4436,0.1021,0.8317
64,91.54,285.52,25.1476,0.1,0.8486
65,91.56,286.38,24.8342,0.1007,0.8203
66,91.58,287.23,24.4329,0.1019,0.8345
67,91.6,288.09,23.8275,0.1068,0.8322
68,91.62,288.94,23.3279,0.117,0.8378
69,91.64,289.8,23.2074,0.123,0.8416
70,91.66,290.65,23.3349,0.123,0.8397
71,91.68,291.51,23.9025,0.1089,0.8259
72,91.7,292.37,24.4347,0.103,0.8284
73,91.72,293.24,25.7121,0.0952,0.8354
74,91.74,294.11,27.5025,0.1069,0.8436
75,91.76,294.99,29.9296,0.1048,0.8431
76,91.78,295.87,32.2983,0.0999,0.8339
77,91.8,296.75,34.3403,0.1049,0.8406
78,91.82,297.65,35.4076,0.1195,0.8183
79,91.84,298.53,35.5354,0.1344,0.8329
80,91.86,299.42,35.7953,0.1413,0.8382
81,91.88,300.31,35.6307,0.1458,0.857
82,91.9,301.2,35.595,0.1441,0.8283
83,91.92,302.08,35.2021,0.1413,0.826
84,91.94,302.98,34.724,0.1389,0.8368
85,91.96,303.87,34.0625,0.1395,0.8307
86,91.98,304.75,33.0899,0.1355,0.8165
87,92.0,305.63,31.3564,0.1269,0.7989
88,92.02,306.51,29.7827,0.1255,0.8291
89,92.04,307.39,28.3178,0.1249,0.8066
90,92.06,308.26,26.8683,0.126,0.8398
91,92.08,309.12,25.9146,0.1317,0.8491
92,92.1,309.99,25.1963,0.1331,0.8419
93,92.12,310.85,24.9213,0.1265,0.8502
94,92.14,311.72,24.8831,0.1232,0.8357
95,92.16,312.58,25.1923,0.1242,0.8515
96,92.18,313.45,25.6205,0.1251,0.8473
97,92.2,314.32,26.5684,0.1246,0.8476
98,92.22,315.2,27.4386,0.1243,0.8414
99,92.24,316.07,27.8025,0.1223,0.8471
100,92.26,316.94,27.5412,0.1237,0.8463
101,92.28,317.81,26.6208,0.1453,0.8388
102,92.3,318.67,25.3226,0.1917,0.843
103,92.32,319.53,23.4008,0.2445,0.8268
104,92.34,320.37,20.1999,0.2626,0.8318
105,92.36,321.2,15.2007,0.2438,0.8567
106,92.38,322.03,10.4317,0.2248,0.8512
107,92.4,322.87,8.3621,0.1971,0.9223
108,92.42,323.7,6.8558,0.151,0.907
109,92.44,324.54,6.1367,0.1246,1.5632
110,92.46,325.37,6.2692,0.0831,1.6966
111,92.48,326.2,6.4633,0.082,1.8761
112,92.5,327.03,5.4689,0.0788,1.9639
113,92.52,327.86,4.2431,0.0696,2.2269
114,92.54,328.69,3.6275,0.0646,2.4172
115,92.56,329.52,3.4399,0.0542,2.5531
116,92.58,330.34,3.4039,0.0329,2.5997
117,92.6,331.16,3.4099,0.0293,2.6054
118,92.62,331.98,3.4019,0.0305,2.6045
119,92.64,332.82,3.3988,0.0329,2.6291
120,92.66,333.64,3.4341,0.034,2.6346
121,92.68,334.46,3.5087,0.0342,2.5931
122,92.7,335.29,3.5565,0.0354,2.5368
123,92.72,336.12,3.5063,0.0352,2.5246
124,92.74,336.94,3.3964,0.0376,2.5875
125,92.76,337.76,3.355,0.036,2.6266
126,92.78,338.58,3.3362,0.0357,2.647
127,92.8,339.41,3.3125,0.0383,2.6352
128,92.82,340.25,3.317,0.0399,2.6283
129,92.84,341.08,3.3308,0.0372,2.6207
130,92.86,341.91,3.3431,0.0387,2.6061
131,92.88,342.74,3.4273,0.053,2.5967
132,92.9,343.56,3.6691,2.5809,
133,92.92,344.39,4.3975,2.5059,
134,92.94,345.22,5.8416,2.2147,
135,92.96,346.06,7.7068,1.6987,
136,92.98,346.91,10.0431,1.0321,
137,92.994,347.5,11.4055,,
1,93.257,248.0,9.8481,,
2,93.277,249.53,17.8375,0.9275,
3,93.297,251.6,23.4323,0.9213,
4,93.317,254.37,32.023,0.0976,0.9048
5,93.337,256.31,36.4141,0.1069,0.8833
6,93.357,257.94,39.9796,0.0901,0.8472
7,93.377,259.36,43.1395,0.0995,0.8383
8,93.397,260.5,44.3204,0.0917,0.8275
9,93.417,261.6,46.606,0.1005,0.8341
10,93.437,262.61,47.9123,0.1237,0.7937
11,93.457,263.62,49.5532,0.1758,0.7622
12,93.477,264.59,51.3674,0.1669,0.7797
13,93.497,265.52,50.7612,0.1531,0.7868
14,93.517,266.42,50.2852,0.1448,0.7249
15,93.537,267.33,48.0115,0.1571,0.7171
16,93.557,268.23,47.2875,0.1543,0.7411
17,93.577,269.12,46.8696,0.1089,0.7241
18,93.597,270.01,42.9581,0.0996,0.7549
19,93.617,270.89,39.5937,0.0852,0.7544
20,93.637,271.76,37.153,0.101,0.827
21,93.657,272.62,34.1993,0.0856,0.7969
22,93.677,273.47,31.432,0.0809,0.8223
23,93.697,274.32,28.4219,0.0753,0.7984
24,93.717,275.16,26.5644,0.0753,0.8187
25,93.737,276.01,25.7219,0.1005,0.813
26,93.757,276.86,27.7244,0.1101,0.8317
27,93.777,277.72,30.2829,0.081,0.845
28,93.797,278.59,31.1708,0.0763,0.8109
29,93.817,279.45,31.9859,0.0951,0.8121
30,93.837,280.32,31.7934,0.0997,0.8146
31,93.857,281.19,31.7849,0.0929,0.8437
32,93.877,282.06,31.3583,0.0815,0.8257
33,93.897,282.92,30.0874,0.0846,0.8521
34,93.917,283.79,29.5675,0.0916,0.8259
35,93.937,284.66,30.4014,0.0827,0.8205
36,93.957,285.53,32.476,0.0895,0.8492
37,93.977,286.4,32.0869,0.0903,0.8347
38,93.997,287.27,30.615,0.0892,0.8178
39,94.017,288.13,29.0772,0.0929,0.8429
40,94.037,288.99,27.711,0.0932,0.844
41,94.057,289.83,25.1355,0.0863,0.8497
42,94.077,290.68,23.5179,0.0775,0.8449
43,94.097,291.52,22.0326,0.048,0.8407
44,94.117,292.36,20.9771,0.0488,0.86
45,94.137,293.2,19.7732,0.0565,0.844
46,94.157,294.03,20.0669,0.0537,0.8392
47,94.177,294.87,20.6494,0.0498,0.8402
48,94.197,295.71,20.3468,0.0471,0.8571
49,94.217,296.55,21.4775,0.0551,0.8527
50,94.237,297.4,23.8038,0.064,0.8552
51,94.257,298.26,25.8081,0.063,0.8474
52,94.277,299.13,27.4282,0.066,0.8222
53,94.297,299.99,27.3512,0.0694,0.8478
54,94.317,300.85,27.1397,0.0678,0.8619
55,94.337,301.72,26.3443,0.0606,0.8547
56,94.357,302.57,26.0058,0.0584,0.8602
57,94.377,303.43,25.1807,0.0641,0.8447
58,94.397,304.29,24.3567,0.0568,0.8436
59,94.417,305.14,23.3946,0.0536,0.8533
60,94.437,305.99,22.1455,0.0564,0.8497
61,94.457,306.83,21.7616,0.0519,0.8516
62,94.477,307.68,21.7468,0.0458,0.8535
63,94.497,308.54,23.5205,0.0467,0.861
64,94.517,309.41,26.9771,0.0586,0.8485
65,94.537,310.28,30.4379,0.0558,0.8581
66,94.557,311.16,32.0152,0.0582,0.8541
67,94.577,312.05,32.6765,0.0871,0.8433
68,94.597,312.92,32.2266,0.1252,0.8544
69,94.617,313.8,31.1002,0.114,0.8428
70,94.637,314.67,30.2666,0.1258,0.8764
71,94.657,315.55,30.8194,0.1038,0.8567
72,94.677,316.42,32.3547,0.1254,0.8227
73,94.697,317.31,31.4983,0.1068,0.8432
74,94.717,318.2,33.6622,0.0856,0.8098
75,94.737,319.09,36.3785,0.0908,0.8319
76,94.757,319.98,36.7444,0.1136,0.8135
77,94.777,320.87,35.5697,0.0727,0.8406
78,94.797,321.76,35.2297,0.0394,0.8333
79,94.817,322.64,36.3246,0.0383,0.8384
80,94.837,323.53,35.7043,0.0482,0.8408
81,94.857,324.42,36.415,0.056,0.8609
82,94.877,325.31,35.8996,0.0683,0.868
83,94.897,326.2,36.2622,0.0841,0.8543
84,94.917,327.1,37.0082,0.0879,0.8528
85,94.937,328.0,36.5771,0.0872,0.8523
86,94.957,328.89,34.4335,0.0871,0.8752
87,94.977,329.78,31.5779,0.0798,0.8278
88,94.997,330.66,29.3288,0.064,0.8473
89,95.017,331.53,29.5258,0.0641,0.8084
90,95.037,332.39,28.9137,0.0513,0.8539
91,95.057,333.27,28.7189,0.0717,0.8788
92,95.077,334.14,29.1206,0.0771,0.842
93,95.097,335.01,29.4726,0.0721,0.8649
94,95.117,335.89,30.5776,0.0702,0.8133
95,95.137,336.76,30.6363,0.0795,0.828
96,95.157,337.63,30.1079,0.1014,0.8748
97,95.177,338.5,29.6503,0.1351,0.8541
98,95.197,339.36,27.1497,0.2047,0.8553
99,95.217,340.2,22.329,0.2602,0.8611
100,95.237,341.02,16.9871,0.2679,0.8672
101,95.257,341.85,11.6745,0.259,0.8655
102,95.277,342.67,9.1785,0.2489,0.875
103,95.297,343.49,7.3938,0.2096,0.9384
104,95.317,344.32,5.7211,0.1722,1.436
105,95.337,345.15,5.14,0.1092,1.7183
106,95.357,345.98,5.4163,0.079,1.7477
107,95.377,346.8,5.2407,0.0686,1.7763
108,95.397,347.63,4.8444,0.0744,1.7857
109,95.417,348.45,4.4635,0.0863,2.0706
110,95.437,349.28,5.2214,0.101,2.3586
111,95.457,350.12,7.0744,0.0922,2.0846
112,95.477,350.97,10.281,0.083,1.752
113,95.497,351.82,13.3731,0.0856,0.8037
114,95.517,352.66,15.1294,0.0855,0.4962
115,95.537,353.52,15.7283,0.0699,0.452
116,95.557,354.36,15.7034,0.0671,0.4311
117,95.577,355.22,15.5058,0.0737,0.4565
118,95.597,356.07,15.4243,0.0773,0.5232
119,95.617,356.92,15.4026,0.079,0.5805
120,95.637,357.77,15.2859,0.0814,0.6285
121,95.657,358.61,15.274,0.0864,0.6624
122,95.677,359.46,15.5448,0.0875,0.6899
123,95.697,360.3,16.0443,0.0865,0.7209
124,95.717,361.14,16.6698,0.0835,0.7539
125,95.737,362.0,17.3446,0.0838,0.809
126,95.757,362.85,17.9033,0.0854,0.7516
127,95.777,363.71,17.9791,0.0817,0.6506
128,95.797,364.57,17.7248,0.0784,0.641
129,95.817,365.41,17.3223,0.0779,0.7001
130,95.837,366.27,17.1956,0.0794,0.7089
131,95.857,367.13,17.1891,0.0808,0.6958
132,95.877,367.98,17.1758,0.0832,0.7141
133,95.897,368.84,17.1279,0.726,
134,95.917,369.69,16.8159,0.7395,
135,95.937,370.53,16.1975,0.7562,
136,95.957,371.38,15.6092,0.7875,
137,95.977,372.22,15.4331,0.7998,
138,95.995,373.0,15.8305,,
1,96.298,209.0,10.0728,,
2,96.318,209.91,11.6962,0.8371,
3,96.338,210.87,13.236,0.8544,
4,96.358,211.87,13.9466,0.0911,0.8356
5,96.378,212.89,14.3649,0.096,0.8317
6,96.398,213.88,14.8177,0.1022,0.8179
7,96.418,214.82,15.2352,0.1098,0.8274
8,96.438,215.78,15.592,0.1104,0.8165
9,96.458,216.78,16.2112,0.1088,0.7897
10,96.478,217.82,16.8163,0.1027,0.7962
11,96.498,218.9,17.2569,0.096,0.7773
12,96.518,219.95,17.6726,0.0914,0.6461
13,96.538,220.94,17.6189,0.084,0.5902
14,96.558,221.9,17.0682,0.0792,0.6232
15,96.578,222.82,16.442,0.0836,0.6456
16,96.598,223.74,15.8943,0.0892,0.6907
17,96.618,224.66,15.4922,0.0933,0.7272
18,96.638,225.57,15.2204,0.0955,0.7605
19,96.658,226.48,15.0671,0.0957,0.7989
20,96.678,227.39,14.9134,0.0908,0.7976
21,96.698,228.3,14.7725,0.0909,0.7904
22,96.718,229.2,14.5753,0.0978,0.7752
23,96.738,230.1,14.5916,0.1005,0.7305
24,96.758,231.0,15.0402,0.0964,0.6566
25,96.778,231.92,15.7716,0.0899,0.6545
26,96.798,232.83,16.4321,0.0917,0.7138
27,96.818,233.75,16.9125,0.0908,0.6089
28,96.838,234.66,17.2277,0.0865,0.4521
29,96.858,235.58,17.5156,0.0809,0.4015
30,96.878,236.5,17.7611,0.084,0.3522
31,96.898,237.4,17.9749,0.091,0.3975
32,96.918,238.32,18.0821,0.0952,0.4835
33,96.938,239.23,18.08,0.099,0.5441
34,96.958,240.14,18.0027,0.0996,0.5973
35,96.978,241.05,18.0285,0.0994,0.6703
36,96.998,241.97,18.255,0.1026,0.7039
37,97.018,242.88,18.5921,0.1045,0.754
38,97.038,243.8,18.8117,0.1085,0.8141
39,97.058,244.71,18.802,0.1128,0.8109
40,97.078,245.63,18.5615,0.1114,0.8344
41,97.098,246.53,18.1433,0.1101,0.8166
42,97.118,247.44,17.861,0.1085,0.8345
43,97.138,248.34,17.6394,0.1051,0.8184
44,97.158,249.25,17.5932,0.1039,0.831
45,97.178,250.15,17.5122,0.1027,0.8225
46,97.198,251.05,17.2294,0.1038,0.8216
47,97.218,251.95,16.9111,0.1041,0.8185
48,97.238,252.84,16.971,0.1052,0.856
49,97.258,253.74,17.4721,0.1063,0.8657
50,97.278,254.64,18.0705,0.1089,0.8617
51,97.298,255.54,18.21,0.1095,0.8507
52,97.318,256.45,17.9759,0.1088,0.8487
53,97.338,257.34,17.5724,0.1082,0.8458
54,97.358,258.24,17.2673,0.109,0.8494
55,97.378,259.13,16.9368,0.1032,0.8496
56,97.398,260.02,16.6812,0.099,0.8432
57,97.418,260.92,16.7065,0.0972,0.86
58,97.438,261.82,16.7895,0.0959,0.8698
59,97.458,262.72,16.2409,0.0923,0.8596
60,97.478,263.6,15.4258,0.0894,0.86
61,97.498,264.5,14.4511,0.0886,0.8552
62,97.518,265.38,13.2064,0.0899,0.8528
63,97.538,266.26,12.2569,0.0916,0.8567
64,97.558,267.15,11.7687,0.0917,0.865
65,97.578,268.04,11.7558,0.0905,0.867
66,97.598,268.92,12.3207,0.0923,0.88
67,97.618,269.81,13.1887,0.0979,0.8859
68,97.638,270.7,13.9897,0.099,0.7823
69,97.658,271.6,14.5473,0.099,0.7456
70,97.678,272.48,14.8333,0.0975,0.7734
71,97.698,273.37,15.2708,0.0971,0.802
72,97.718,274.26,15.9847,0.1,0.8372
73,97.738,275.15,16.6672,0.1049,0.8531
74,97.758,276.05,17.1673,0.107,0.8626
75,97.778,276.95,17.7822,0.1076,0.8632
76,97.798,277.84,18.7582,0.1107,0.8687
77,97.818,278.75,19.6084,0.113,0.8647
78,97.838,279.65,20.1433,0.1149,0.8414
79,97.858,280.55,19.7788,0.1177,0.8372
80,97.878,281.44,18.7367,0.1174,0.8484
81,97.898,282.34,18.0376,0.1131,0.8429
82,97.918,283.23,17.8764,0.1115,0.857
83,97.938,284.12,18.0999,0.113,0.8649
84,97.958,285.02,18.4982,0.1135,0.8619
85,97.978,285.91,18.5622,0.1137,0.8715
86,97.998,286.8,18.1231,0.1114,0.8655
87,98.018,287.69,17.7712,0.1091,0.8609
88,98.038,288.59,17.7563,0.1073,0.8736
89,98.058,289.47,17.8915,0.1075,0.8748
90,98.078,290.36,17.7688,0.1088,0.8778
91,98.098,291.25,17.2208,0.1095,0.8758
92,98.118,292.15,16.6622,0.1082,0.8707
93,98.138,293.03,16.316,0.1064,0.8716
94,98.158,293.93,16.2619,0.1048,0.8776
95,98.178,294.82,16.3152,0.1053,0.8828
96,98.198,295.71,16.3749,0.1048,0.8765
97,98.218,296.6,16.3768,0.1037,0.8648
98,98.238,297.48,16.4443,0.1026,0.8753
99,98.258,298.36,16.3794,0.1016,0.8775
100,98.278,299.24,16.1376,0.1019,0.8439
101,98.298,300.13,15.8171,0.0998,0.8155
102,98.318,301.01,15.5425,0.0979,0.7962
103,98.338,301.89,15.5496,0.0971,0.8102
104,98.358,302.77,15.609,0.0941,0.8326
105,98.378,303.65,15.6851,0.0941,0.8514
106,98.398,304.52,15.5187,0.0961,0.8462
107,98.418,305.4,15.4045,0.0986,0.8388
108,98.438,306.28,15.2694,0.0976,0.8278
109,98.458,307.16,15.0104,0.0979,0.848
110,98.478,308.03,14.6287,0.0966,0.8454
111,98.498,308.92,14.5117,0.0986,0.8388
112,98.518,309.8,14.6218,0.0993,0.8494
113,98.538,310.68,15.011,0.0999,0.8493
114,98.558,311.55,15.4892,0.0985,0.8767
115,98.578,312.43,15.738,0.098,0.8692
116,98.598,313.32,15.785,0.0981,0.8419
117,98.618,314.19,15.762,0.0971,0.8145
118,98.638,315.08,15.713,0.0964,0.8321
119,98.658,315.96,15.6417,0.0978,0.8415
120,98.678,316.83,15.7418,0.1003,0.8401
121,98.698,317.71,15.8327,0.1039,0.8534
122,98.718,318.59,15.9591,0.1056,0.8532
123,98.738,319.47,16.1037,0.1069,0.8435
124,98.758,320.35,16.0783,0.1079,0.8417
125,98.778,321.23,16.0668,0.1077,0.8764
126,98.798,322.12,16.0781,0.1074,0.8604
127,98.818,323.0,15.9687,0.1076,0.8473
128,98.838,323.87,15.7588,0.1053,0.8497
129,98.858,324.74,15.5707,0.1027,0.8349
130,98.878,325.62,15.4375,0.1014,0.8664
131,98.898,326.5,15.554,0.1018,0.8774
132,98.918,327.38,15.7585,0.868,
133,98.938,328.26,15.8248,0.857,
134,98.958,329.13,15.7828,0.8529,
135,98.978,330.01,15.8787,0.8453,
136,98.998,330.87,16.2479,0.8606,
137,99.009,331.5,16.5678,,
1,99.296,262.0,9.9327,,
2,99.316,262.9,11.1343,0.8458,
3,99.336,263.85,12.3916,0.8527,
4,99.356,264.91,13.6745,0.097,0.8694
5,99.376,266.07,14.841,0.1055,0.8637
6,99.396,267.21,15.5001,0.1127,0.8672
7,99.416,268.21,15.6496,0.1165,0.8536
8,99.436,269.17,15.6468,0.1192,0.8526
9,99.456,270.13,15.5397,0.1199,0.8553
10,99.476,271.09,15.5079,0.1193,0.8562
11,99.496,272.06,15.7519,0.1186,0.8585
12,99.516,273.04,15.8388,0.1172,0.864
13,99.536,273.99,15.87,0.1155,0.8669
14,99.556,274.93,15.8364,0.1138,0.8667
15,99.576,275.87,15.8521,0.1118,0.8671
16,99.596,276.82,15.8844,0.1119,0.862
17,99.616,277.77,16.0612,0.1127,0.8677
18,99.636,278.71,16.2505,0.1129,0.8663
19,99.656,279.66,16.4572,0.1147,0.8592
20,99.676,280.61,16.5732,0.1169,0.848
21,99.696,281.55,16.6824,0.1187,0.8481
22,99.716,282.48,16.5594,0.1194,0.8412
23,99.736,283.4,16.4691,0.1203,0.8505
24,99.756,284.33,16.4322,0.1212,0.8484
25,99.776,285.25,16.3022,0.1205,0.8604
26,99.796,286.16,16.1768,0.12,0.8626
27,99.816,287.06,15.9763,0.1204,0.8644
28,99.836,287.97,15.9269,0.1198,0.863
29,99.856,288.87,15.6881,0.1172,0.8684
30,99.876,289.78,15.3172,0.1149,0.8646
31,99.896,290.68,14.8869,0.1127,0.8617
32,99.916,291.58,14.6872,0.1104,0.8666
33,99.936,292.47,14.7763,0.1096,0.8685
34,99.956,293.37,15.1875,0.1088,0.8695
35,99.976,294.27,15.6625,0.1107,0.8739
36,99.996,295.18,16.0363,0.1123,0.8679
37,100.016,296.09,16.3822,0.1167,0.8596
38,100.036,296.99,16.5403,0.1189,0.8612
39,100.056,297.89,16.4697,0.121,0.8599
40,100.076,298.8,16.2712,0.1218,0.8542
41,100.096,299.69,16.037,0.121,0.8554
42,100.116,300.59,15.8763,0.1193,0.8709
43,100.136,301.49,15.8877,0.1199,0.8776
44,100.156,302.4,15.9964,0.1192,0.8778
45,100.176,303.29,16.1714,0.1196,0.875
46,100.196,304.2,16.3213,0.1209,0.8724
47,100.216,305.1,16.4183,0.1241,0.8653
48,100.236,306.0,16.5202,0.1268,0.8668
49,100.256,306.9,16.4704,0.1278,0.8712
50,100.276,307.81,16.3928,0.1272,0.8685
51,100.296,308.7,16.3798,0.126,0.8653
52,100.316,309.61,16.4637,0.1269,0.8674
53,100.336,310.51,16.5992,0.1276,0.8726
54,100.356,311.41,16.5485,0.1281,0.8719
55,100.376,312.3,16.3597,0.1279,0.8639
56,100.396,313.2,16.032,0.1274,0.8684
57,100.416,314.1,15.7974,0.1247,0.8663
58,100.436,314.99,15.7424,0.121,0.8696
59,100.456,315.89,15.7866,0.1211,0.8751
60,100.476,316.79,15.9724,0.1218,0.8731
61,100.496,317.69,16.2227,0.1217,0.868
62,100.516,318.58,16.3835,0.1219,0.87
63,100.536,319.48,16.4705,0.1209,0.8588
64,100.556,320.37,16.5517,0.1208,0.8609
65,100.576,321.26,16.6086,0.1207,0.8543
66,100.596,322.16,16.5079,0.1213,0.869
67,100.616,323.06,16.3012,0.1205,0.8794
68,100.636,323.95,16.0657,0.1202,0.866
69,100.656,324.85,15.9579,0.1203,0.873
70,100.676,325.75,16.0579,0.1195,0.877
71,100.696,326.64,16.2589,0.122,0.8744
72,100.716,327.54,16.4815,0.124,0.8796
73,100.736,328.44,16.5585,0.1252,0.8711
74,100.756,329.33,16.5997,0.128,0.868
75,100.776,330.22,16.6106,0.1296,0.8762
76,100.796,331.11,16.678,0.1307,0.8725
77,100.816,332.01,16.7449,0.1309,0.8752
78,100.836,332.9,16.676,0.1313,0.8744
79,100.856,333.8,16.5764,0.1321,0.8675
80,100.876,334.7,16.4923,0.1309,0.8748
81,100.896,335.58,16.408,0.1303,0.8835
82,100.916,336.48,16.3449,0.1284,0.8714
83,100.936,337.37,16.2092,0.1263,0.8732
84,100.956,338.25,15.983,0.1247,0.8749
85,100.976,339.15,15.776,0.1214,0.8805
86,100.996,340.04,15.5764,0.1183,0.8802
87,101.016,340.94,15.4723,0.1157,0.8757
88,101.036,341.82,15.5222,0.1129,0.8811
89,101.056,342.71,15.654,0.109,0.8878
90,101.076,343.61,15.6801,0.1063,0.8846
91,101.096,344.49,15.4544,0.104,0.8679
92,101.116,345.39,15.0572,0.0998,0.8675
93,101.136,346.28,14.6118,0.0942,0.8753
94,101.156,347.15,14.0721,0.0908,0.8856
95,101.176,348.04,13.5557,0.0904,0.8826
96,101.196,348.91,13.0832,0.0973,0.8837
97,101.216,349.79,12.6409,0.1051,0.8896
98,101.236,350.67,12.5959,0.1092,0.8901
99,101.256,351.55,12.8716,0.1031,0.8893
100,101.276,352.43,13.5822,0.094,0.8905
101,101.296,353.31,14.7938,0.0773,0.842
102,101.316,354.2,15.7437,0.0671,0.5215
103,101.336,355.08,15.7375,0.0608,0.4443
104,101.356,355.97,15.6191,0.0601,0.4244
105,101.376,356.85,15.2341,0.071,0.5275
106,101.396,357.73,14.4272,0.084,0.6649
107,101.416,358.6,13.7937,0.089,0.7349
108,101.436,359.48,13.4488,0.0926,0.7848
109,101.456,360.35,13.4911,0.0949,0.8269
110,101.476,361.23,13.7872,0.0961,0.8566
111,101.496,362.1,14.281,0.0948,0.8691
112,101.516,362.97,14.817,0.094,0.866
113,101.536,363.85,15.3191,0.095,0.8629
114,101.556,364.74,15.8074,0.0988,0.8535
115,101.576,365.62,16.5074,0.1035,0.8519
116,101.596,366.5,17.2809,0.1086,0.86
117,101.616,367.39,18.2141,0.1127,0.8755
118,101.636,368.28,18.5049,0.1146,0.8793
119,101.656,369.16,17.9635,0.1202,0.8809
120,101.676,370.04,17.3846,0.1192,0.8648
121,101.696,370.93,17.1365,0.1143,0.8667
122,101.716,371.81,17.1258,0.1126,0.8698
123,101.736,372.69,17.3485,0.1121,0.8702
124,101.756,373.58,17.6127,0.1118,0.8853
125,101.776,374.47,17.7503,0.1103,0.8888
126,101.796,375.35,17.6427,0.1139,0.8876
127,101.816,376.25,17.5285,0.117,0.8734
128,101.836,377.14,17.7048,0.1165,0.8762
129,101.856,378.02,18.1372,0.1162,0.8862
130,101.876,378.9,18.6527,0.1197,0.8877
131,101.896,379.8,19.0594,0.1228,0.8822
132,101.916,380.69,19.2295,0.8812,
133,101.936,381.56,19.143,0.8744,
134,101.956,382.45,18.931,0.8784,
135,101.976,383.34,18.8092,0.8721,
136,101.996,384.23,18.6438,0.8823,
137,102.011,385.0,18.4856,,
1,102.299,247.5,15.2491,,
2,102.319,248.74,16.6137,0.8979,
3,102.339,250.07,17.6513,0.8468,
4,102.359,251.2,17.4063,0.1761,0.8509
5,102.379,252.16,16.6087,0.2108,0.8461
6,102.399,253.06,15.1162,0.2583,0.8257
7,102.419,253.95,12.9895,0.2973,0.8901
8,102.439,254.84,10.9643,0.2963,0.9429
9,102.459,255.72,8.36,0.2783,0.9516
10,102.479,256.61,6.4731,0.241,0.9764
11,102.499,257.5,5.5907,0.1885,1.0806
12,102.519,258.39,4.4705,0.148,1.4833
13,102.539,259.27,3.8992,0.1272,2.2144
14,102.559,260.16,3.9079,0.0854,2.4123
15,102.579,261.05,3.9502,0.0599,2.4631
16,102.599,261.93,3.8255,0.0589,2.3832
17,102.619,262.81,3.8453,0.0599,2.5803
18,102.639,263.69,3.9349,0.0614,2.6108
19,102.659,264.57,4.0877,0.0594,2.6586
20,102.679,265.45,4.2031,0.0616,2.6931
21,102.699,266.33,4.1883,0.0615,2.6404
22,102.719,267.21,4.1443,0.0616,2.684
23,102.739,268.08,4.0435,0.0644,2.6766
24,102.759,268.96,3.9561,0.0622,2.7481
25,102.779,269.84,3.9567,0.0589,2.8177
26,102.799,270.72,3.9146,0.057,2.8394
27,102.819,271.59,3.916,0.0534,2.8587
28,102.839,272.46,3.8808,0.0512,2.8591
29,102.859,273.33,3.9246,0.0489,2.8359
30,102.879,274.21,3.9443,0.0492,2.7761
31,102.899,275.07,3.9205,0.0524,2.8017
32,102.919,275.94,4.0029,0.0567,2.8402
33,102.939,276.82,4.1606,0.0565,2.7708
34,102.959,277.69,4.2619,0.0571,2.7508
35,102.979,278.56,4.1328,0.0578,2.7104
36,102.999,279.44,4.0445,0.0586,2.8699
37,103.019,280.31,3.9721,0.064,2.9571
38,103.039,281.18,3.9495,0.0547,2.9441
39,103.059,282.04,3.9856,0.0504,2.9472
40,103.079,282.91,4.0719,0.0571,2.8626
41,103.099,283.78,4.1208,0.0678,2.9118
42,103.119,284.66,4.3571,0.0862,2.8336
43,103.139,285.53,4.7774,0.12,2.8292
44,103.159,286.4,5.2164,0.1264,2.4059
45,103.179,287.28,5.5274,0.1401,2.2375
46,103.199,288.15,5.2102,0.156,1.4482
47,103.219,289.02,4.7067,0.1307,1.6135
48,103.239,289.9,4.5619,0.131,1.9836
49,103.259,290.77,4.6452,0.0947,2.1015
50,103.279,291.65,4.3747,0.0837,2.2044
51,103.299,292.52,4.3162,0.0936,2.4354
52,103.319,293.39,4.4117,0.0879,2.3015
53,103.339,294.26,4.1071,0.0744,2.4558
54,103.359,295.13,4.0042,0.0791,2.5839
55,103.379,296.01,4.0247,0.0735,2.6779
56,103.399,296.89,3.9821,0.0609,2.7827
57,103.419,297.76,3.9391,0.0597,2.8487
58,103.439,298.62,3.9036,0.0606,2.9074
59,103.459,299.49,3.8629,0.059,2.9189
60,103.479,300.36,3.8805,0.0575,2.9073
61,103.499,301.23,3.9203,0.0578,2.8972
62,103.519,302.11,3.9389,0.0588,2.8602
63,103.539,302.98,3.939,0.0595,2.9286
64,103.559,303.86,3.9654,0.0618,2.9443
65,103.579,304.73,3.9657,0.0603,2.9335
66,103.599,305.6,3.9532,0.0618,2.9617
67,103.619,306.47,3.9324,0.062,2.9907
68,103.639,307.35,3.9066,0.0584,3.0082
69,103.659,308.22,3.8641,0.0558,3.0044
70,103.679,309.09,3.8335,0.0519,2.9972
71,103.699,309.96,3.8732,0.0526,2.9926
72,103.719,310.83,3.9635,0.0625,2.9986
73,103.739,311.7,4.179,0.0687,2.8974
74,103.759,312.58,4.3865,0.0751,2.8655
75,103.779,313.45,4.7692,0.0805,2.5171
76,103.799,314.32,4.5528,0.0913,1.6997
77,103.819,315.19,4.1884,0.0906,1.891
78,103.839,316.07,4.0477,0.0925,2.1347
79,103.859,316.94,4.0055,0.0811,2.331
80,103.879,317.8,4.0791,0.073,2.4315
81,103.899,318.67,4.1923,0.071,2.4952
82,103.919,319.54,4.2376,0.0756,2.5199
83,103.939,320.41,4.2019,0.0805,2.6018
84,103.959,321.28,4.3853,0.0885,2.5855
85,103.979,322.15,4.103,0.0804,2.488
86,103.999,323.03,3.9587,0.0821,2.6492
87,104.019,323.9,3.9353,0.0765,2.7481
88,104.039,324.77,3.9283,0.0636,2.8343
89,104.059,325.64,3.9026,0.0616,2.885
90,104.079,326.52,3.8781,0.0596,2.9044
91,104.099,327.39,3.8924,0.059,2.9257
92,104.119,328.26,3.9091,0.0581,2.9499
93,104.139,329.13,3.909,0.0579,2.975
94,104.159,330.01,3.8528,0.0575,2.9853
95,104.179,330.88,3.8496,0.0595,2.9753
96,104.199,331.75,3.9412,0.0596,2.9666
97,104.219,332.63,4.0287,0.0507,2.992
98,104.239,333.5,3.981,0.0515,2.9458
99,104.259,334.37,3.953,0.0692,2.9296
100,104.279,335.25,4.1976,0.0833,3.0104
101,104.299,336.13,4.8704,0.0837,2.9928
102,104.319,337.01,5.3994,0.0787,2.2916
103,104.339,337.88,5.1006,0.0822,1.9485
104,104.359,338.76,4.5261,0.0993,2.3609
105,104.379,339.64,4.2669,0.1145,2.6738
106,104.399,340.51,4.4322,0.0975,2.7479
107,104.419,341.39,4.6906,0.0799,2.6235
108,104.439,342.27,4.5584,0.0742,2.0475
109,104.459,343.14,4.2368,0.0774,2.0051
110,104.479,344.01,4.1856,0.0923,2.2582
111,104.499,344.89,4.1473,0.0761,2.4377
112,104.519,345.77,4.3949,0.0781,2.5597
113,104.539,346.66,4.7895,0.082,2.5277
114,104.559,347.53,4.8611,0.0885,1.8865
115,104.579,348.41,4.4291,0.0951,1.8283
116,104.599,349.29,4.2872,0.1076,2.0853
117,104.619,350.17,4.2099,0.088,2.2503
118,104.639,351.04,4.2175,0.0727,2.4075
119,104.659,351.92,4.2561,0.0803,2.5251
120,104.679,352.8,4.4153,0.0803,2.6128
121,104.699,353.68,4.738,0.0828,2.6845
122,104.719,354.57,4.8787,0.0865,2.6639
123,104.739,355.45,5.0014,0.0924,2.5189
124,104.759,356.33,4.8584,0.1024,2.4861
125,104.779,357.21,4.7336,0.1064,2.6948
126,104.799,358.09,4.6263,0.0971,2.7334
127,104.819,358.96,4.5176,0.0838,2.7431
128,104.839,359.84,4.4911,0.0777,2.8415
129,104.859,360.73,4.411,0.0748,2.8989
130,104.879,361.61,4.3521,0.0714,2.9381
131,104.899,362.5,4.2935,2.9324,
132,104.919,363.38,4.2299,2.8915,
133,104.939,364.26,4.2196,2.8759,
134,104.959,365.13,4.2168,2.9367,
135,104.979,366.01,4.2975,2.9912,
136,104.997,367.0,4.7174,,
1,105.296,347.0,3.1943,,
2,105.316,347.89,3.395,2.1372,
3,105.336,348.78,3.5873,2.2608,
4,105.356,349.67,3.7624,0.0743,2.1457
5,105.376,350.55,3.6017,0.0766,2.5082
6,105.396,351.43,3.6456,0.0827,2.6242
7,105.416,352.31,3.721,0.0866,2.7242
8,105.436,353.19,3.8127,0.0725,2.7331
9,105.456,354.08,4.019,0.0809,2.7514
10,105.476,354.96,4.3004,0.1068,2.5691
11,105.496,355.85,4.7282,0.1294,2.583
12,105.516,356.73,5.8677,0.1519,2.6741
13,105.536,357.63,6.2964,0.1596,1.5426
14,105.556,358.5,5.3876,0.145,1.562
15,105.576,359.39,4.6882,0.1487,2.1274
16,105.596,360.27,4.4825,0.1435,2.3321
17,105.616,361.15,4.7277,0.1314,2.558
18,105.636,362.04,6.4691,0.1511,2.5907
19,105.656,362.94,8.4227,0.1418,1.709
20,105.676,363.82,7.2331,0.1479,1.2063
21,105.696,364.71,6.0233,0.1587,1.8895
22,105.716,365.6,5.1518,0.1501,2.3975
23,105.736,366.49,4.5784,0.1197,2.4991
24,105.756,367.37,4.2814,0.0861,2.607
25,105.776,368.26,4.2609,0.0784,2.653
26,105.796,369.15,4.2943,0.0558,2.6806
27,105.816,370.03,4.4046,0.0542,2.7251
28,105.836,370.91,4.4279,0.0548,2.7514
29,105.856,371.8,4.4212,0.0639,2.7014
30,105.876,372.69,4.4266,0.0704,2.741
31,105.896,373.58,4.4074,0.0759,2.7542
32,105.916,374.47,4.4402,0.0805,2.6995
33,105.936,375.35,4.3415,0.0805,2.7285
34,105.956,376.22,4.3206,0.0855,2.7536
35,105.976,377.11,4.3211,0.0814,2.7959
36,105.996,377.99,4.3133,0.0817,2.8843
37,106.016,378.88,4.2803,0.0825,2.9103
38,106.036,379.76,4.3575,0.0815,2.9357
39,106.056,380.64,4.3742,0.0809,2.9019
40,106.076,381.52,4.3849,0.0819,2.8995
41,106.096,382.4,4.337,0.0793,2.9427
42,106.116,383.27,4.2589,0.0762,2.9757
43,106.136,384.16,4.2427,0.0743,2.98
44,106.156,385.05,4.2298,0.0729,3.0089
45,106.176,385.92,4.2291,0.074,2.9916
46,106.196,386.81,4.2381,0.0741,3.017
47,106.216,387.69,4.2282,0.0743,3.0189
48,106.236,388.57,4.1579,0.073,3.0539
49,106.256,389.44,4.1519,0.0667,3.058
50,106.276,390.33,4.1636,0.0616,3.0854
51,106.296,391.21,4.1693,0.0526,3.1089
52,106.316,392.09,4.1954,0.0373,3.1814
53,106.336,392.97,4.285,-0.0093,3.1692
54,106.356,393.86,4.4515,-0.0399,3.1675
55,106.376,394.74,4.6973,-0.0413,3.1123
56,106.396,395.62,4.9247,0.0526,3.1953
57,106.416,396.51,5.1644,0.1053,3.0073
58,106.436,397.4,7.1398,0.1302,1.7039
59,106.456,398.29,9.742,0.1722,1.0981
60,106.476,399.19,11.438,0.231,1.1112
61,106.496,400.1,11.8017,0.2761,0.9741
62,106.516,400.99,10.9018,0.2851,0.8316
63,106.536,401.89,9.1432,0.2372,0.8029
64,106.556,402.78,7.2726,0.2242,0.9044
65,106.576,403.66,6.6817,0.2227,0.798
66,106.596,404.55,4.9635,0.1928,1.0071
67,106.616,405.45,4.1204,0.1801,1.3752
68,106.636,406.35,7.972,0.1727,1.2903
69,106.656,407.24,7.7506,0.1749,0.9747
70,106.676,408.14,6.974,0.171,1.0761
71,106.696,409.04,6.7922,0.1696,1.338
72,106.716,409.93,8.8191,0.211,0.801
73,106.736,410.84,9.0944,0.2567,0.0244
74,106.756,411.74,9.2742,0.2896,0.0853
75,106.776,412.65,10.3827,0.2883,0.1738
76,106.796,413.63,12.531,0.2772,0.0756
77,106.816,414.89,15.6042,0.2363,0.0483
78,106.836,417.36,20.6879,0.214,0.2054
79,106.856,421.08,24.537,0.1766,0.3277
80,106.876,423.4,26.0443,0.1396,0.4151
81,106.896,424.84,25.8873,0.1357,0.4788
82,106.916,425.86,25.5348,0.1517,0.466
83,106.936,426.77,24.8234,0.1879,0.4421
84,106.956,427.68,24.2329,0.2046,0.4399
85,106.976,428.58,23.9938,0.1863,0.3991
86,106.996,429.5,25.9907,0.1548,0.4936
87,107.016,430.44,28.2069,0.5776,
88,107.036,431.54,30.4501,0.6967,
89,107.056,432.65,31.131,0.7507,
90,107.076,433.84,33.023,0.7183,
91,107.096,435.49,38.6109,0.8439,
92,107.108,438.0,44.3489,,
1,107.191,242.5,23.4756,,
2,107.211,243.41,21.177,0.7578,
3,107.231,244.31,19.7264,0.469,
4,107.251,245.2,17.3911,0.3801,0.1164
5,107.271,246.09,15.5222,0.3968,0.1171
6,107.291,246.96,12.9375,0.3413,0.1721
7,107.311,247.85,11.6469,0.3268,0.2435
8,107.331,248.74,12.2115,0.3357,0.5708
9,107.351,249.62,13.0448,0.288,0.2841
10,107.371,250.51,13.5652,0.2323,0.2699
11,107.391,251.41,14.6608,0.2218,0.3773
12,107.411,252.3,15.9569,0.2336,0.4715
13,107.431,253.21,16.7065,0.2208,0.4142
14,107.451,254.1,16.9037,0.2371,0.3141
15,107.471,255.01,17.4631,0.2325,0.3558
16,107.491,255.95,20.7898,0.242,0.4265
17,107.511,257.38,25.5496,0.2479,0.6986
18,107.531,260.18,30.498,0.2454,0.6041
19,107.551,262.43,34.9224,0.2243,0.6341
20,107.571,264.29,40.4083,0.2137,0.6775
21,107.591,266.31,47.3313,0.2608,0.7032
22,107.611,268.29,53.6848,0.2711,0.7559
23,107.631,270.2,57.9899,0.3085,0.8122
24,107.651,271.57,59.9438,0.2493,0.852
25,107.671,272.56,58.3181,0.2704,0.6771
26,107.691,273.46,51.1579,0.2833,0.3503
27,107.711,274.34,42.0123,0.3409,0.2287
28,107.731,275.21,37.1286,0.3268,0.279
29,107.751,276.06,31.5497,0.3432,0.3158
30,107.771,276.91,27.0331,0.3525,0.1531
31,107.791,277.74,25.8143,0.3466,0.2589
32,107.811,278.59,25.4496,0.2837,0.2144
33,107.831,279.45,26.5763,0.2678,0.2619
34,107.851,280.31,29.5336,0.2354,0.3205
35,107.871,281.18,32.1954,0.2065,0.3445
36,107.891,282.05,33.3932,0.1827,0.4954
37,107.911,282.91,32.6221,0.2001,0.5667
38,107.931,283.76,32.0006,0.1955,0.5305
39,107.951,284.63,31.6449,0.1671,0.5522
40,107.971,285.48,32.1904,0.2124,0.563
41,107.991,286.35,32.9185,0.2422,0.5313
42,108.011,287.22,32.281,0.2646,0.5565
43,108.031,288.08,29.43,0.2917,0.5058
44,108.051,288.93,27.4687,0.3097,0.453
45,108.071,289.78,25.4478,0.3,0.3324
46,108.091,290.63,23.7768,0.2774,0.3396
47,108.111,291.48,23.2098,0.2233,0.3949
48,108.131,292.33,22.1289,0.1883,0.3861
49,108.151,293.17,21.2798,0.1559,0.3687
50,108.171,294.01,20.4575,0.1526,0.3631
51,108.191,294.83,19.4915,0.1896,0.3731
52,108.211,295.67,18.2627,0.2389,0.3275
53,108.231,296.49,17.3969,0.3006,0.3339
54,108.251,297.31,17.4852,0.4068,0.3508
55,108.271,298.14,17.7439,0.4086,0.3678
56,108.291,298.97,14.6692,0.4035,0.3575
57,108.311,299.8,10.6396,0.3919,0.3236
58,108.331,300.63,8.4271,0.3697,0.3643
59,108.351,301.46,10.6919,0.3703,0.4274
60,108.371,302.32,19.0964,0.3723,0.8211
61,108.391,303.18,22.8496,0.3482,0.4962
62,108.411,304.03,23.1001,0.3435,0.4084
63,108.431,304.88,22.2146,0.3235,0.2837
64,108.451,305.73,20.1671,0.3532,0.2046
65,108.471,306.56,17.9739,0.3648,0.1055
66,108.491,307.4,16.0971,0.3491,0.0754
67,108.511,308.24,14.4509,0.3494,0.0814
68,108.531,309.08,12.4223,0.3664,0.0763
69,108.551,309.91,9.8784,0.4224,0.0884
70,108.571,310.74,9.0222,0.4896,0.1307
71,108.591,311.59,10.313,0.4644,0.1525
72,108.611,312.43,11.2387,0.4399,0.1246
73,108.631,313.27,11.2101,0.4587,0.1067
74,108.651,314.12,10.7589,0.4351,0.1069
75,108.671,314.97,10.4032,0.4246,0.14
76,108.691,315.81,9.3553,0.3842,0.126
77,108.711,316.65,8.4123,0.3185,0.1157
78,108.731,317.49,6.6956,0.2548,0.1328
79,108.751,318.33,5.4296,0.1959,0.1369
80,108.771,319.17,4.7012,0.1393,0.1548
81,108.791,320.0,4.6062,0.087,0.1606
82,108.811,320.84,4.5844,0.0562,0.1645
83,108.831,321.69,4.5774,0.0576,0.1704
84,108.851,322.53,4.5598,0.0575,0.175
85,108.871,323.36,4.5582,0.0566,0.1791
86,108.891,324.19,4.5705,0.0557,0.1834
87,108.911,325.03,4.5327,0.0553,0.1871
88,108.931,325.87,4.5361,0.0558,0.1906
89,108.951,326.71,4.5297,0.0572,0.1962
90,108.971,327.54,4.5209,0.0584,0.1997
91,108.991,328.38,4.5129,0.0599,0.2036
92,109.011,329.21,4.5777,0.0625,0.208
93,109.031,330.05,4.7236,0.065,0.2121
94,109.051,330.88,4.8858,0.0696,0.2149
95,109.071,331.72,5.0009,0.0712,0.2183
96,109.091,332.55,5.1193,0.0754,0.222
97,109.111,333.38,5.2326,0.0815,0.2259
98,109.131,334.21,5.4181,0.0865,0.2303
99,109.151,335.04,5.5995,0.0877,0.2336
100,109.171,335.87,5.6615,0.0931,0.2371
101,109.191,336.7,5.7791,0.0897,0.2447
102,109.211,337.53,5.8473,0.0901,0.2485
103,109.231,338.37,5.6946,0.0982,0.2499
104,109.251,339.21,5.6113,0.0922,0.258
105,109.271,340.05,5.606,0.0996,0.265
106,109.291,340.88,6.0261,0.1021,0.2765
107,109.311,341.72,7.1158,0.1009,0.2918
108,109.331,342.57,7.5919,0.0983,0.2683
109,109.351,343.41,6.9077,0.0943,0.2459
110,109.371,344.25,5.5198,0.0948,0.2599
111,109.391,345.08,4.5316,0.0934,0.2714
112,109.411,345.93,4.2022,0.0656,0.2808
113,109.431,346.77,4.1476,0.0433,0.2873
114,109.451,347.61,4.1474,0.0429,0.2936
115,109.471,348.44,4.1339,0.0407,0.3009
116,109.491,349.28,4.175,0.0418,0.3073
117,109.511,350.12,4.2915,0.0429,0.3139
118,109.531,350.96,4.3671,0.0437,0.3177
119,109.551,351.8,4.2964,0.044,0.3215
120,109.571,352.64,4.1379,0.0452,0.3318
121,109.591,353.48,4.0607,0.048,0.3419
122,109.611,354.32,4.0547,0.0448,0.3515
123,109.631,355.16,4.1554,0.0448,0.3577
124,109.651,356.0,4.1612,0.0443,0.3637
125,109.671,356.84,4.2881,0.0427,0.3725
126,109.691,357.69,4.3448,0.0425,0.377
127,109.711,358.53,4.3753,0.0446,0.3835
128,109.731,359.37,4.2948,0.0477,0.3918
129,109.751,360.21,4.1582,0.053,0.4049
130,109.771,361.06,4.0902,0.0543,0.413
131,109.791,361.9,4.1402,0.0533,0.4231
132,109.811,362.74,4.1992,0.0484,0.4297
133,109.831,363.58,4.2423,0.0474,0.4344
134,109.851,364.42,4.1338,0.0445,0.4408
135,109.871,365.26,3.9506,0.0438,0.4535
136,109.891,366.1,3.8111,0.0434,0.4697
137,109.911,366.94,3.8197,0.4833,
138,109.931,367.78,3.8864,0.4994,
139,109.951,368.62,3.9761,0.5132,
140,109.971,369.46,3.9706,0.5244,
141,109.991,370.32,3.975,,
1,110.294,270.0,3.7458,,
2,110.314,270.89,3.9225,2.195,
3,110.334,271.78,3.9354,2.5662,
4,110.354,272.67,3.802,0.0745,2.666
5,110.374,273.56,3.9482,0.0811,2.8549
6,110.394,274.44,4.0765,0.0757,3.0866
7,110.414,275.32,4.0994,0.0722,3.115
8,110.434,276.21,4.2964,0.0762,3.3064
9,110.454,277.1,4.4923,0.0802,3.5587
10,110.474,277.98,4.9259,0.0821,3.7032
11,110.494,278.87,5.5903,0.0915,3.8528
12,110.514,279.76,6.101,0.1035,3.8249
13,110.534,280.65,6.375,0.1145,3.9548
14,110.554,281.54,6.2005,0.1233,3.9617
15,110.574,282.44,6.5286,0.1272,3.7043
16,110.594,283.33,5.9112,0.1282,3.2231
17,110.614,284.21,5.4418,0.1267,3.662
18,110.634,285.1,5.2889,0.1191,3.7889
19,110.654,285.99,5.1202,0.1068,3.7123
20,110.674,286.87,5.0569,0.1035,3.7105
21,110.694,287.76,5.2251,0.1023,3.5565
22,110.714,288.65,5.3789,0.0942,2.9566
23,110.734,289.53,4.945,0.0745,3.2731
24,110.754,290.41,5.0753,0.0954,3.4923
25,110.774,291.3,6.828,0.111,3.7446
26,110.794,292.19,10.7528,0.1351,2.574
27,110.814,293.13,14.3977,0.1404,0.8703
28,110.834,294.19,16.6527,0.1389,0.7916
29,110.854,295.45,18.0804,0.125,0.8559
30,110.874,296.87,19.0461,0.1022,0.8441
31,110.894,298.3,19.4233,0.0943,0.6984
32,110.914,299.7,19.8372,0.0911,0.6695
33,110.934,301.02,20.2188,0.0923,0.5246
34,110.954,302.24,20.4305,0.086,0.3826
35,110.974,303.37,20.47,0.0872,0.2964
36,110.994,304.46,20.4743,0.1011,0.2861
37,111.014,305.52,20.5201,0.1066,0.2999
38,111.034,306.5,20.4176,0.1024,0.2976
39,111.054,307.42,20.5011,0.0911,0.3017
40,111.074,308.34,20.3813,0.0758,0.2895
41,111.094,309.26,20.1555,0.0738,0.2839
42,111.114,310.18,20.023,0.0756,0.302
43,111.134,311.09,20.123,0.09,0.3054
44,111.154,312.02,20.2393,0.0875,0.3057
45,111.174,312.93,20.4002,0.0804,0.3064
46,111.194,313.85,20.5074,0.0853,0.3001
47,111.214,314.76,20.5823,0.0866,0.2876
48,111.234,315.67,20.2912,0.0868,0.2873
49,111.254,316.56,19.671,0.0873,0.2854
50,111.274,317.47,18.8827,0.0863,0.2795
51,111.294,318.36,18.0345,0.0793,0.2711
52,111.314,319.26,17.3043,0.0765,0.2608
53,111.334,320.15,16.8554,0.1044,0.2649
54,111.354,321.03,16.4137,0.1605,0.2527
55,111.374,321.93,15.7052,0.2036,0.2524
56,111.394,322.83,15.411,0.1903,0.2694
57,111.414,323.72,16.0016,0.1784,0.2953
58,111.434,324.6,16.5901,0.1547,0.3119
59,111.454,325.5,17.4353,0.142,0.3262
60,111.474,326.4,18.068,0.1277,0.3277
61,111.494,327.29,18.1566,0.1034,0.3391
62,111.514,328.19,18.0998,0.0821,0.3493
63,111.534,329.08,17.9053,0.077,0.3516
64,111.554,329.97,17.5365,0.0662,0.353
65,111.574,330.86,17.0132,0.0725,0.3498
66,111.594,331.75,15.9562,0.1155,0.3502
67,111.614,332.63,14.4114,0.1797,0.3206
68,111.634,333.51,12.9056,0.2162,0.3194
69,111.654,334.38,11.5911,0.2494,0.3227
70,111.674,335.26,10.6753,0.2629,0.3253
71,111.694,336.13,9.7775,0.2783,0.3338
72,111.714,337.01,8.8856,0.3057,0.3645
73,111.734,337.89,8.6723,0.2738,0.3826
74,111.754,338.77,8.9954,0.2119,0.3814
75,111.774,339.65,10.2669,0.1973,0.3871
76,111.794,340.54,12.1727,0.1907,0.3802
77,111.814,341.44,14.3706,0.1914,0.3849
78,111.834,342.33,15.3102,0.1931,0.3957
79,111.854,343.23,15.9035,0.1816,0.3863
80,111.874,344.12,16.5732,0.168,0.3809
81,111.894,345.02,17.5855,0.1522,0.3812
82,111.914,345.93,18.8364,0.1552,0.3946
83,111.934,346.83,20.056,0.1541,0.391
84,111.954,347.75,21.0299,0.1173,0.4196
85,111.974,348.66,21.5218,0.0703,0.4217
86,111.994,349.57,21.5356,0.0888,0.4349
87,112.014,350.48,21.1697,0.1563,0.4202
88,112.034,351.39,20.1673,0.259,0.4153
89,112.054,352.28,18.3767,0.3056,0.4135
90,112.074,353.17,16.1773,0.3241,0.3849
91,112.094,354.06,12.673,0.309,0.3709
92,112.114,354.95,9.4183,0.2776,0.4102
93,112.134,355.83,6.6794,0.2326,0.4343
94,112.154,356.7,4.7092,0.1938,0.5302
95,112.174,357.57,4.5375,0.1228,0.5725
96,112.194,358.44,4.5765,0.0439,0.6122
97,112.214,359.32,4.6607,0.0338,0.6512
98,112.234,360.18,4.7123,0.0294,0.69
99,112.254,361.05,4.7447,0.0158,0.7137
100,112.274,361.92,4.6732,0.0129,0.7422
101,112.294,362.79,4.6524,0.0103,0.7718
102,112.314,363.67,4.6842,0.0626,0.8172
103,112.334,364.54,5.4654,0.0926,0.8761
104,112.354,365.43,9.3037,0.1134,0.9399
105,112.374,366.32,14.2503,0.1392,1.0369
106,112.394,367.23,18.2786,0.1583,0.8218
107,112.414,368.14,20.2676,0.1957,0.9049
108,112.434,369.06,20.7464,0.2245,0.821
109,112.454,369.97,20.2304,0.2072,0.6305
110,112.474,370.87,19.1112,0.2233,0.6447
111,112.494,371.76,17.5094,0.2386,0.6805
112,112.514,372.65,16.3262,0.2292,0.673
113,112.534,373.55,16.0949,0.1847,0.8101
114,112.554,374.44,16.5752,0.1453,0.7015
115,112.574,375.35,17.2342,0.1024,0.6355
116,112.594,376.24,17.9689,0.1057,0.6386
117,112.614,377.15,18.2257,0.1487,0.6212
118,112.634,378.04,17.5154,0.1916,0.5543
119,112.654,378.95,16.2259,0.2171,0.5328
120,112.674,379.84,14.5873,0.2248,0.5377
121,112.694,380.73,11.9756,0.2289,0.5163
122,112.714,381.61,9.1333,0.2261,0.5531
123,112.734,382.49,6.9254,0.2134,0.5599
124,112.754,383.36,5.3401,0.1925,0.6163
125,112.774,384.24,4.9133,0.1606,0.681
126,112.794,385.11,5.3978,0.1487,0.7163
127,112.814,385.99,6.0897,0.1405,0.7642
128,112.834,386.87,6.1837,0.1497,0.7408
129,112.854,387.74,5.8207,0.1624,0.7485
130,112.874,388.62,5.9845,0.2094,0.789
131,112.894,389.5,7.6231,0.2408,0.8626
132,112.914,390.39,11.4227,0.8473,
133,112.934,391.29,13.5586,0.7271,
134,112.954,392.18,13.1421,0.6461,
135,112.974,393.06,10.9243,0.7139,
136,112.994,393.96,9.5195,0.7465,
137,113.002,394.5,10.1304,,
1,113.303,295.0,3.4477,,
2,113.323,295.89,3.5719,2.5306,
3,113.343,296.77,3.7524,2.6998,
4,113.363,297.67,3.864,0.0786,2.7276
5,113.383,298.55,4.1361,0.0894,2.9138
6,113.403,299.44,4.5391,0.1106,3.0642
7,113.423,300.32,5.1497,0.1522,3.0499
8,113.443,301.21,5.851,0.182,2.8792
9,113.463,302.1,7.6565,0.2166,3.1242
10,113.483,303.0,11.754,0.2515,2.5196
11,113.503,304.05,15.4529,0.251,1.0678
12,113.523,305.21,16.7039,0.2531,0.8379
13,113.543,306.43,17.7342,0.2403,0.7227
14,113.563,307.87,19.0922,0.2119,0.6495
15,113.583,309.23,20.0567,0.2005,0.5588
16,113.603,310.27,20.232,0.2051,0.4743
17,113.623,311.19,19.4365,0.2273,0.5274
18,113.643,312.08,17.476,0.2582,0.5241
19,113.663,312.97,14.2404,0.2696,0.485
20,113.683,313.84,11.2608,0.2559,0.4914
21,113.703,314.71,8.2537,0.2386,0.661
22,113.723,315.57,6.2132,0.2182,0.8221
23,113.743,316.44,5.3817,0.155,0.9865
24,113.763,317.3,5.2202,0.0866,1.1201
25,113.783,318.17,5.2275,0.0637,1.1981
26,113.803,319.04,5.141,0.0574,1.2845
27,113.823,319.9,4.93,0.052,1.3776
28,113.843,320.77,4.7552,0.0451,1.4833
29,113.863,321.64,4.7103,0.0626,1.5841
30,113.883,322.51,4.8373,0.0803,1.6933
31,113.903,323.37,5.2994,0.0835,1.7896
32,113.923,324.23,5.9446,0.0847,1.8285
33,113.943,325.1,6.017,0.0898,1.8873
34,113.963,325.96,5.2843,0.0952,1.9783
35,113.983,326.82,4.8389,0.1067,2.1033
36,114.003,327.68,4.7892,0.0691,2.1816
37,114.023,328.54,4.8445,0.0626,2.2662
38,114.043,329.4,4.898,0.0548,2.3043
39,114.063,330.26,4.9011,0.061,2.3682
40,114.083,331.11,4.7678,0.0649,2.3845
41,114.103,331.96,4.8757,0.0724,2.4358
42,114.123,332.82,5.0458,0.0747,2.4466
43,114.143,333.67,5.3238,0.0883,2.469
44,114.163,334.53,5.4313,0.0965,2.4767
45,114.183,335.38,5.5624,0.1117,2.4731
46,114.203,336.23,5.3568,0.0921,2.4965
47,114.223,337.09,4.9281,0.098,2.6088
48,114.243,337.94,4.6357,0.0975,2.7336
49,114.263,338.8,4.602,0.0741,2.7806
50,114.283,339.66,4.6276,0.0588,2.8055
51,114.303,340.51,4.6403,0.0551,2.8263
52,114.323,341.36,4.6584,0.0624,2.8597
53,114.343,342.21,4.8065,0.0682,2.8979
54,114.363,343.06,5.1503,0.0682,2.8912
55,114.383,343.92,5.3222,0.068,2.6918
56,114.403,344.78,5.2819,0.101,2.7265
57,114.423,345.63,5.5301,0.1579,2.8117
58,114.443,346.49,6.5005,0.1626,2.9374
59,114.463,347.36,7.8301,0.1546,2.815
60,114.483,348.22,7.1523,0.146,1.8357
61,114.503,349.08,5.7462,0.1512,2.3651
62,114.523,349.94,4.8868,0.1427,2.648
63,114.543,350.8,4.7977,0.109,2.7673
64,114.563,351.66,4.9964,0.0874,2.8264
65,114.583,352.52,5.5907,0.1157,2.8987
66,114.603,353.39,6.4407,0.1309,2.8939
67,114.623,354.25,6.6523,0.1428,2.9288
68,114.643,355.12,6.403,0.1448,2.4814
69,114.663,355.97,5.5274,0.1371,2.0161
70,114.683,356.83,4.9206,0.1272,2.3674
71,114.703,357.7,4.5974,0.1077,2.455
72,114.723,358.57,4.4298,0.0781,2.4942
73,114.743,359.43,4.4221,0.0583,2.5572
74,114.763,360.3,4.5516,0.0417,2.616
75,114.783,361.17,5.8483,0.0467,2.7502
76,114.803,362.05,10.5873,0.086,2.8629
77,114.823,362.94,16.6547,0.1274,2.1987
78,114.843,363.83,17.9651,0.1528,0.9551
79,114.863,364.72,16.5931,0.1656,0.928
80,114.883,365.61,15.4156,0.2239,1.1037
81,114.903,366.51,15.9634,0.2638,1.5103
82,114.923,367.4,17.9597,0.2543,1.4376
83,114.943,368.3,18.8563,0.2323,1.0545
84,114.963,369.2,18.6242,0.2048,0.9965
85,114.983,370.11,20.0249,0.1704,1.1766
86,115.003,371.12,23.3358,0.1682,1.5204
87,115.023,372.35,27.128,0.1545,1.0579
88,115.043,373.8,29.5711,0.1266,0.9643
89,115.063,375.38,31.4362,0.1041,0.8861
90,115.083,376.84,33.1298,0.0969,0.8937
91,115.103,378.0,34.3037,0.0901,0.7838
92,115.123,379.0,34.8753,0.0879,0.7608
93,115.143,379.92,34.9612,0.0878,0.6746
94,115.163,380.83,34.4312,0.0846,0.6847
95,115.183,381.74,33.8018,0.0883,0.6384
96,115.203,382.64,33.1792,0.0865,0.6382
97,115.223,383.55,32.7893,0.0863,0.6441
98,115.243,384.46,32.8347,0.0891,0.6342
99,115.263,385.35,32.8168,0.088,0.6376
100,115.283,386.26,32.7112,0.0868,0.6461
101,115.303,387.16,32.5258,0.095,0.6118
102,115.323,388.07,32.7684,0.1096,0.6507
103,115.343,388.99,33.8312,0.1184,0.6465
104,115.363,389.94,35.7978,0.1222,0.6801
105,115.383,390.98,37.7635,0.1314,0.633
106,115.403,392.04,38.8253,0.1531,0.6257
107,115.423,393.06,38.5192,0.1767,0.6139
108,115.443,393.99,37.7058,0.1837,0.5532
109,115.463,394.89,35.7565,0.1556,0.4789
110,115.483,395.79,34.0379,0.1137,0.4765
111,115.503,396.69,33.0046,0.1211,0.4664
112,115.523,397.59,31.8103,0.1301,0.4522
113,115.543,398.5,30.6536,0.132,0.4193
114,115.563,399.4,29.8532,0.1242,0.3831
115,115.583,400.3,29.5358,0.1138,0.3641
116,115.603,401.2,29.7516,0.1052,0.3869
117,115.623,402.1,29.9999,0.1026,0.3789
118,115.643,403.0,29.9761,0.1045,0.3584
119,115.663,403.89,29.6091,0.0891,0.3649
120,115.683,404.79,29.0855,0.0925,0.3574
121,115.703,405.68,28.742,0.0834,0.3535
122,115.723,406.58,28.4714,0.106,0.3522
123,115.743,407.48,28.0389,0.2332,0.3496
124,115.763,408.36,26.2522,0.3441,0.3501
125,115.783,409.24,21.0724,0.3313,0.3205
126,115.803,410.1,15.0574,0.3096,0.3033
127,115.823,410.95,12.0027,0.3487,0.3835
128,115.843,411.8,9.4195,0.3933,0.5472
129,115.863,412.67,8.6733,0.3605,0.6579
130,115.883,413.52,9.9022,0.3164,0.8302
131,115.903,414.36,8.8343,0.6647,
132,115.923,415.22,7.2787,0.7701,
133,115.943,416.07,6.0054,0.9399,
134,115.963,416.92,5.9652,1.054,
135,115.983,417.76,5.792,1.0864,
136,116.001,418.5,5.6093,,
1,116.219,308.5,5.4477,,
2,116.239,309.39,5.7068,1.1627,
3,116.259,310.29,5.1881,1.2809,
4,116.279,311.19,4.3893,0.1712,2.0143
5,116.299,312.09,4.3854,0.1657,2.4817
6,116.319,312.98,5.3204,0.168,2.6396
7,116.339,313.9,7.8696,0.2094,2.0127
8,116.359,314.91,13.1493,0.2725,1.5133
9,116.379,316.0,15.5126,0.2649,0.8089
10,116.399,316.96,14.3106,0.2442,0.779
11,116.419,317.89,12.5043,0.3053,0.8043
12,116.439,318.85,12.4159,0.3659,1.0995
13,116.459,319.9,13.9861,0.3474,1.7728
14,116.479,320.82,11.7923,0.3397,0.985
15,116.499,321.72,9.2124,0.3258,1.1292
16,116.519,322.62,7.9934,0.2993,1.6694
17,116.539,323.53,7.6295,0.2853,2.3038
18,116.559,324.43,6.9325,0.2249,2.193
19,116.579,325.34,5.7577,0.1802,2.2896
20,116.599,326.24,4.9926,0.1717,2.5757
21,116.619,327.15,4.7449,0.1223,2.7426
22,116.639,328.05,4.7234,0.0998,2.8555
23,116.659,328.96,4.95,0.0815,2.9067
24,116.679,329.86,4.9362,0.0832,2.8292
25,116.699,330.77,4.813,0.0868,2.7964
26,116.719,331.67,4.6982,0.0961,3.0103
27,116.739,332.56,4.7022,0.0715,3.0779
28,116.759,333.47,4.7067,0.0699,3.1095
29,116.779,334.36,4.7655,0.0669,3.1281
30,116.799,335.25,4.7876,0.0686,3.1162
31,116.819,336.14,4.6678,0.0614,3.2202
32,116.839,337.03,4.5502,0.0604,3.2584
33,116.859,337.93,4.5527,0.092,3.2381
34,116.879,338.83,5.3166,0.1167,3.3272
35,116.899,339.73,8.884,0.1343,3.4143
36,116.919,340.64,13.9531,0.1602,2.0686
37,116.939,341.59,17.0397,0.1754,0.938
38,116.959,342.56,18.1214,0.1771,0.8176
39,116.979,343.51,18.3868,0.1353,0.8582
40,116.999,344.48,18.726,0.1085,0.776
41,117.019,345.46,18.8997,0.0926,0.6941
42,117.039,346.45,19.1322,0.0778,0.6523
43,117.059,347.43,19.2694,0.0765,0.6133
44,117.079,348.36,19.3,0.077,0.5721
45,117.099,349.28,19.4727,0.0633,0.4974
46,117.119,350.22,19.6162,0.0576,0.5037
47,117.139,351.15,19.7935,0.0632,0.4785
48,117.159,352.1,19.8759,0.0745,0.4631
49,117.179,353.07,20.2097,0.0855,0.4801
50,117.199,354.05,20.4951,0.1004,0.4652
51,117.219,355.03,20.6825,0.1117,0.4654
52,117.239,356.02,20.7774,0.1261,0.4545
53,117.259,357.02,21.1169,0.1421,0.459
54,117.279,358.08,21.6029,0.156,0.4717
55,117.299,359.21,22.1533,0.1711,0.4905
56,117.319,360.34,22.8909,0.1812,0.509
57,117.339,361.39,23.6889,0.1651,0.5354
58,117.359,362.35,24.4817,0.1181,0.5544
59,117.379,363.28,25.2266,0.1116,0.5766
60,117.399,364.19,25.2041,0.1539,0.5686
61,117.419,365.1,23.3873,0.226,0.565
62,117.439,366.0,19.4617,0.2817,0.5363
63,117.459,366.89,15.5,0.3065,0.511
64,117.479,367.76,12.4118,0.2768,0.5203
65,117.499,368.64,10.342,0.2912,0.5788
66,117.519,369.51,8.8041,0.3351,0.6745
67,117.539,370.39,8.3119,0.3341,0.8104
68,117.559,371.27,7.8805,0.3122,1.1586
69,117.579,372.14,7.7296,0.2723,1.0668
70,117.599,373.03,8.3528,0.2609,1.232
71,117.619,373.93,10.5943,0.3155,1.6794
72,117.639,374.82,13.2103,0.3156,1.5322
73,117.659,375.72,13.6105,0.2654,0.9595
74,117.679,376.61,12.2126,0.2526,0.8743
75,117.699,377.5,9.9888,0.2371,1.0414
76,117.719,378.38,7.7625,0.2277,1.2195
77,117.739,379.26,6.0695,0.2198,1.4545
78,117.759,380.13,5.3578,0.2026,1.7021
79,117.779,381.0,4.9313,0.1539,1.7198
80,117.799,381.87,4.7993,0.1367,1.8512
81,117.819,382.76,6.1156,0.1238,2.0375
82,117.839,383.65,10.3519,0.0977,2.0775
83,117.859,384.55,15.1293,0.091,2.2516
84,117.879,385.47,17.3334,0.0989,1.3375
85,117.899,386.37,17.5647,0.1092,1.0317
86,117.919,387.28,17.4429,0.1211,1.0124
87,117.939,388.19,17.2645,0.1345,0.8462
88,117.959,389.1,17.1153,0.1491,0.7459
89,117.979,390.0,17.0963,0.1561,0.7068
90,117.999,390.91,17.1804,0.1528,0.6668
91,118.019,391.81,17.1251,0.16,0.6325
92,118.039,392.71,16.7235,0.1677,0.5904
93,118.059,393.61,16.7189,0.1642,0.6023
94,118.079,394.52,17.09,0.1695,0.6152
95,118.099,395.41,17.4901,0.1752,0.5982
96,118.119,396.32,17.6732,0.1912,0.58
97,118.139,397.22,17.9229,0.1886,0.6095
98,118.159,398.13,18.3726,0.1664,0.6143
99,118.179,399.03,19.0917,0.149,0.6131
100,118.199,399.94,19.6788,0.1291,0.592
101,118.219,400.84,19.9831,0.1343,0.5798
102,118.239,401.75,20.1989,0.1391,0.5738
103,118.259,402.66,20.5414,0.1338,0.5674
104,118.279,403.57,21.0054,0.1431,0.5363
105,118.299,404.48,21.67,0.1724,0.5129
106,118.319,405.39,22.3907,0.1923,0.503
107,118.339,406.3,23.3583,0.1727,0.5101
108,118.359,407.21,24.0902,0.1623,0.4935
109,118.379,408.12,24.5343,0.1511,0.4473
110,118.399,409.03,24.4659,0.1549,0.4362
111,118.419,409.94,24.1909,0.1846,0.4303
112,118.439,410.85,24.0192,0.2306,0.445
113,118.459,411.76,24.1286,0.2545,0.4256
114,118.479,412.67,24.6327,0.1958,0.4215
115,118.499,413.59,25.568,0.162,0.4171
116,118.519,414.52,26.4807,0.1503,0.4254
117,118.539,415.47,27.234,0.1474,0.4324
118,118.559,416.43,27.2377,0.151,0.4212
119,118.579,417.37,26.735,0.17,0.3944
120,118.599,418.28,25.8715,0.1834,0.3827
121,118.619,419.19,25.4572,0.1516,0.373
122,118.639,420.1,25.114,0.1362,0.3489
123,118.659,421.02,25.0309,0.1181,0.3497
124,118.679,421.93,25.1929,0.1075,0.3617
125,118.699,422.86,25.7063,0.1152,0.3737
126,118.719,423.79,26.4631,0.1271,0.3576
127,118.739,424.71,26.7836,0.1654,0.3573
128,118.759,425.63,26.2143,0.2644,0.3353
129,118.779,426.54,23.5759,0.3322,0.3114
130,118.799,427.42,17.7879,0.3537,0.286
131,118.819,428.31,13.0103,0.3395,0.2743
132,118.839,429.19,10.3432,0.3005,0.3382
133,118.859,430.07,8.1289,0.2759,0.3831
134,118.879,430.95,7.2476,0.2499,0.4664
135,118.899,431.83,6.8728,0.1926,0.5211
136,118.919,432.7,6.8138,0.5702,
137,118.939,433.58,7.2612,0.6091,
138,118.959,434.46,7.5541,0.6062,
139,118.979,435.34,7.1845,0.6417,
140,118.999,436.24,7.6102,0.7383,
1,119.165,244.0,8.6182,,
2,119.185,244.96,9.8166,1.1668,
3,119.205,245.93,10.9752,1.1672,
4,119.225,246.9,12.7419,0.1472,1.1487
5,119.245,247.95,15.3874,0.1762,1.0997
6,119.265,249.13,17.4651,0.2216,1.041
7,119.285,250.36,18.7949,0.2888,0.9526
8,119.305,251.48,19.8402,0.2483,0.8495
9,119.325,252.54,20.9827,0.2124,0.8012
10,119.345,253.55,22.0804,0.2714,0.5992
11,119.365,254.46,21.2685,0.3503,0.4038
12,119.385,255.36,17.3987,0.3397,0.4428
13,119.405,256.24,13.5995,0.3104,0.3886
14,119.425,257.12,10.5025,0.2854,0.5756
15,119.445,257.98,7.5997,0.2743,0.8517
16,119.465,258.86,6.1832,0.2386,1.5864
17,119.485,259.73,5.6009,0.1719,2.0543
18,119.505,260.59,5.8383,0.1372,2.338
19,119.525,261.46,6.3394,0.1193,2.4384
20,119.545,262.33,6.4625,0.1341,2.4061
21,119.565,263.2,6.8665,0.1773,2.3503
22,119.585,264.07,7.3432,0.2083,2.372
23,119.605,264.94,7.6655,0.2518,2.2046
24,119.625,265.82,8.0533,0.3015,2.1377
25,119.645,266.69,8.5578,0.3455,2.232
26,119.665,267.58,9.9846,0.3543,2.1592
27,119.685,268.47,11.7536,0.3504,1.5769
28,119.705,269.36,13.3384,0.3427,1.2328
29,119.725,270.25,14.9444,0.3207,0.726
30,119.745,271.15,16.299,0.2381,0.5161
31,119.765,272.05,17.437,0.1746,0.5318
32,119.785,272.97,18.7248,0.1386,0.5246
33,119.805,273.88,19.8609,0.1486,0.4767
34,119.825,274.79,20.0371,0.1638,0.4258
35,119.845,275.68,19.2339,0.1668,0.3982
36,119.865,276.58,17.4876,0.165,0.382
37,119.885,277.46,16.4615,0.1822,0.3231
38,119.905,278.36,16.7791,0.2053,0.2989
39,119.925,279.26,16.9742,0.2348,0.5663
40,119.945,280.16,16.4766,0.2361,0.4695
41,119.965,281.05,15.8736,0.2057,0.4473
42,119.985,281.95,15.6157,0.203,0.4457
43,120.005,282.84,14.146,0.2021,0.3962
44,120.025,283.72,11.6233,0.2136,0.4021
45,120.045,284.6,8.7176,0.2003,0.4767
46,120.065,285.47,6.6684,0.1822,0.6304
47,120.085,286.34,5.2382,0.1675,0.8425
48,120.105,287.2,4.6807,0.1438,1.2176
49,120.125,288.08,4.6517,0.0779,1.5993
50,120.145,288.94,4.5666,0.0573,1.9046
51,120.165,289.81,4.5023,0.0648,2.1257
52,120.185,290.68,4.8226,0.1038,2.3715
53,120.205,291.56,6.4821,0.1449,2.5257
54,120.225,292.45,9.3877,0.1643,2.2627
55,120.245,293.32,10.0755,0.1789,1.3106
56,120.265,294.21,8.8149,0.1981,1.1226
57,120.285,295.1,8.5282,0.2087,1.3174
58,120.305,295.98,11.4381,0.2256,1.8468
59,120.325,296.87,14.4511,0.2306,1.1977
60,120.345,297.77,16.2442,0.2211,0.9954
61,120.365,298.68,17.2436,0.2382,0.8559
62,120.385,299.57,17.8458,0.2574,0.7124
63,120.405,300.47,18.3027,0.253,0.6285
64,120.425,301.37,19.0528,0.2491,0.5627
65,120.445,302.28,20.6124,0.2069,0.5107
66,120.465,303.2,22.6342,0.1488,0.5241
67,120.485,304.15,24.1582,0.1387,0.5142
68,120.505,305.1,24.4107,0.1559,0.4707
69,120.525,306.02,23.2783,0.2068,0.4112
70,120.545,306.92,20.3282,0.2628,0.3574
71,120.565,307.81,17.0372,0.2678,0.3166
72,120.585,308.7,14.8087,0.2658,0.3536
73,120.605,309.59,13.3442,0.2926,0.3966
74,120.625,310.47,12.2361,0.2942,0.4494
75,120.645,311.37,12.1353,0.2885,0.508
76,120.665,312.26,11.665,0.2934,0.5471
77,120.685,313.14,9.8364,0.3093,0.6292
78,120.705,314.02,8.9542,0.3288,0.7312
79,120.725,314.9,8.5173,0.319,0.844
80,120.745,315.78,8.4433,0.3057,1.1116
81,120.765,316.67,8.5395,0.3026,1.3032
82,120.785,317.56,8.5678,0.3173,1.4162
83,120.805,318.45,9.6528,0.3209,1.5859
84,120.825,319.34,11.6139,0.3133,1.6562
85,120.845,320.24,13.7241,0.3012,1.6326
86,120.865,321.15,15.7103,0.2857,1.4872
87,120.885,322.07,17.4702,0.2487,1.4008
88,120.905,323.03,18.9387,0.2214,1.275
89,120.925,324.0,19.5906,0.2248,1.1075
90,120.945,324.97,19.4375,0.2202,0.943
91,120.965,325.89,18.7337,0.216,0.829
92,120.985,326.8,17.5623,0.2215,0.7455
93,121.005,327.7,16.3382,0.2396,0.6938
94,121.025,328.61,14.4604,0.2683,0.6486
95,121.045,329.5,11.6687,0.2812,0.662
96,121.065,330.39,9.0729,0.2527,0.8199
97,121.085,331.29,8.3701,0.2378,0.9384
98,121.105,332.17,9.9309,0.2277,1.5946
99,121.125,333.07,11.4307,0.1706,1.404
100,121.145,333.97,11.2175,0.1552,1.1865
101,121.165,334.85,8.8663,0.1617,1.2059
102,121.185,335.74,7.041,0.16,1.3993
103,121.205,336.63,5.7604,0.1416,1.5983
104,121.225,337.51,5.0379,0.1171,1.9198
105,121.245,338.39,4.8218,0.0831,2.1616
106,121.265,339.27,4.7827,0.0628,2.3635
107,121.285,340.16,4.8877,0.0528,2.5215
108,121.305,341.03,4.9101,0.0425,2.5612
109,121.325,341.91,4.868,0.0457,2.6426
110,121.345,342.8,4.9582,0.0555,2.7454
111,121.365,343.68,5.2972,0.068,2.7808
112,121.385,344.56,6.2153,0.0884,2.7978
113,121.405,345.45,7.1094,0.0994,2.7451
114,121.425,346.34,7.3252,0.1108,2.3621
115,121.445,347.21,6.9861,0.1298,2.3691
116,121.465,348.09,6.1211,0.1277,2.3986
117,121.485,348.97,5.7698,0.1724,2.5799
118,121.505,349.85,6.0968,0.216,2.7555
119,121.525,350.73,7.4561,0.2596,3.1718
120,121.545,351.62,9.4158,0.2798,2.4406
121,121.565,352.51,10.7329,0.2888,1.2592
122,121.585,353.4,10.5045,0.2908,1.7534
123,121.605,354.29,10.64,0.3053,1.3148
124,121.625,355.19,10.5962,0.2714,0.953
125,121.645,356.08,9.4719,0.2165,0.78
126,121.665,356.97,8.0701,0.1703,0.8999
127,121.685,357.85,7.0058,0.1492,1.0632
128,121.705,358.74,6.5449,0.1378,1.25
129,121.725,359.62,6.1804,0.122,1.3375
130,121.745,360.51,5.6988,0.1024,1.505
131,121.765,361.4,5.4069,0.1269,1.721
132,121.785,362.29,5.8034,0.1496,1.9441
133,121.805,363.19,7.3968,0.154,2.2149
134,121.825,364.09,9.277,0.1917,1.8815
135,121.845,365.0,10.484,0.2185,1.5069
136,121.865,365.89,10.1907,0.2262,1.1537
137,121.885,366.79,9.2376,0.2461,1.109
138,121.905,367.7,8.0977,1.5563,
139,121.925,368.59,8.7658,1.6626,
140,121.945,369.5,10.2344,1.644,
141,121.965,370.4,12.2755,1.0788,
142,121.985,371.32,13.445,0.7138,
143,122.003,372.5,14.4957,,
1,122.259,279.0,5.1386,,
2,122.279,279.89,5.8099,1.0869,
3,122.299,280.78,6.81,1.0591,
4,122.319,281.67,8.2228,0.229,1.0328
5,122.34,282.57,9.9396,0.2484,0.9357
6,122.359,283.47,11.5227,0.2595,0.7987
7,122.38,284.37,12.6452,0.2709,0.6012
8,122.399,285.27,13.6017,0.2842,0.5532
9,122.42,286.17,14.2396,0.3053,0.4184
10,122.439,287.07,14.6107,0.3296,0.3888
11,122.459,287.98,14.7927,0.3487,0.4088
12,122.479,288.87,14.4597,0.3622,0.3566
13,122.499,289.78,13.9127,0.3918,0.3436
14,122.52,290.67,13.2575,0.4031,0.4326
15,122.539,291.59,13.7493,0.3997,0.7023
16,122.56,292.51,15.1091,0.3874,0.756
17,122.579,293.52,16.2505,0.3728,0.809
18,122.599,294.66,17.2672,0.3023,0.8374
19,122.619,295.96,18.8494,0.2798,0.6174
20,122.639,297.18,20.1176,0.264,0.5289
21,122.66,298.15,20.4457,0.2858,0.5173
22,122.679,299.04,18.2632,0.3209,0.4061
23,122.7,299.93,15.4305,0.3685,0.3867
24,122.719,300.81,13.3751,0.3848,0.447
25,122.74,301.69,10.7187,0.3687,0.5046
26,122.759,302.56,8.619,0.3327,0.5258
27,122.779,303.42,7.7968,0.2883,0.7192
28,122.799,304.28,7.6817,0.244,0.8947
29,122.819,305.15,8.42,0.2116,1.1228
30,122.84,306.02,9.9837,0.1844,1.2494
31,122.859,306.9,12.2073,0.1781,1.2822
32,122.88,307.77,14.6918,0.2193,1.2445
33,122.899,308.65,15.9871,0.2583,1.1598
34,122.92,309.54,14.8048,0.2441,1.0321
35,122.939,310.4,12.5356,0.2524,0.9898
36,122.959,311.26,9.9586,0.2487,1.094
37,122.979,312.12,8.1054,0.2523,1.3164
38,122.999,312.98,7.1672,0.2236,1.6406
39,123.02,313.84,7.7313,0.2186,2.0016
40,123.039,314.71,9.4045,0.2609,2.0975
41,123.06,315.57,10.3208,0.2705,1.8762
42,123.079,316.42,9.6765,0.2658,1.6185
43,123.099,317.28,8.1522,0.2332,1.7163
44,123.119,318.14,6.523,0.1998,1.9151
45,123.139,318.99,5.5264,0.18,2.2197
46,123.16,319.84,5.4582,0.1339,2.4676
47,123.179,320.7,5.9232,0.0812,2.6294
48,123.2,321.56,7.2712,0.0762,2.6873
49,123.219,322.42,9.005,0.0861,2.687
50,123.24,323.28,10.2871,0.1225,2.3957
51,123.259,324.14,10.0543,0.171,2.2859
52,123.279,325.0,8.9652,0.2101,2.3769
53,123.299,325.86,7.9988,0.2227,2.6276
54,123.319,326.71,7.122,0.2243,2.9156
55,123.34,327.56,6.3387,0.2096,2.6823
56,123.359,328.4,5.6701,0.1703,2.9418
57,123.38,329.25,5.2341,0.1351,3.2842
58,123.399,330.11,5.1346,0.0711,3.3741
59,123.42,330.97,5.0372,0.0601,3.4361
60,123.439,331.83,5.066,0.0598,3.4971
61,123.459,332.69,5.0534,0.0546,3.5164
62,123.479,333.55,5.0402,0.0824,3.5419
63,123.499,334.41,5.2367,0.1592,3.578
64,123.52,335.28,6.7491,0.2161,3.6674
65,123.539,336.16,9.8916,0.2399,3.347
66,123.56,337.05,13.0174,0.2298,1.6917
67,123.579,337.96,15.3092,0.2157,0.8754
68,123.599,338.9,17.4132,0.2012,0.8964
69,123.619,339.97,19.6991,0.1625,0.7195
70,123.639,341.06,20.8746,0.1336,0.6919
71,123.66,341.99,21.5425,0.1322,0.6304
72,123.679,342.88,21.5339,0.1687,0.5579
73,123.7,343.77,20.6706,0.2016,0.511
74,123.719,344.66,19.1305,0.2097,0.4817
75,123.74,345.53,17.6529,0.2373,0.4699
76,123.759,346.4,17.2764,0.2548,0.4303
77,123.779,347.27,16.9301,0.2276,0.4157
78,123.799,348.15,16.5499,0.234,0.4382
79,123.819,349.01,16.0775,0.2589,0.431
80,123.84,349.89,15.6603,0.2634,0.4624
81,123.859,350.77,15.3812,0.2674,0.4848
82,123.88,351.65,15.1928,0.2448,0.4837
83,123.899,352.53,15.294,0.2154,0.4783
84,123.92,353.42,15.2165,0.2561,0.5116
85,123.939,354.3,15.3604,0.2801,0.5119
86,123.959,355.19,15.5997,0.3256,0.5317
87,123.979,356.06,15.1254,0.3429,0.5198
88,123.999,356.94,13.6529,0.2742,0.546
89,124.02,357.83,14.2692,0.2383,0.5778
90,124.039,358.71,15.3401,0.2709,0.6072
91,124.06,359.6,16.122,0.3022,0.6347
92,124.079,360.49,14.5565,0.307,0.5702
93,124.099,361.35,12.2819,0.3154,0.6061
94,124.119,362.22,10.3138,0.2989,0.7162
95,124.139,363.09,9.9137,0.2535,0.9128
96,124.16,363.97,11.9179,0.2625,1.1144
97,124.179,364.85,14.2085,0.2671,1.001
98,124.2,365.74,14.7159,0.2358,0.8968
99,124.219,366.61,12.9874,0.1956,0.8372
100,124.24,367.49,11.1685,0.1993,0.8594
101,124.259,368.36,9.3434,0.213,0.9123
102,124.279,369.23,7.6965,0.2311,1.0788
103,124.299,370.1,7.0184,0.2191,1.1966
104,124.319,370.97,7.0182,0.2207,1.3497
105,124.34,371.84,7.4579,0.2453,1.5489
106,124.359,372.72,9.2285,0.2621,1.6273
107,124.38,373.61,11.9142,0.2665,1.9039
108,124.399,374.5,14.6387,0.2609,1.4278
109,124.42,375.39,17.2105,0.2332,1.1089
110,124.439,376.29,18.535,0.1746,0.982
111,124.459,377.19,19.2632,0.1446,0.8828
112,124.479,378.08,19.7728,0.1403,0.8568
113,124.499,378.99,20.0601,0.1403,0.75
114,124.52,379.89,20.2397,0.1418,0.6729
115,124.539,380.78,20.2362,0.1407,0.5901
116,124.56,381.68,20.1272,0.1386,0.5351
117,124.579,382.58,20.0083,0.1496,0.4946
118,124.599,383.48,19.7321,0.164,0.4597
119,124.619,384.38,19.4825,0.1828,0.4418
120,124.639,385.28,19.516,0.1747,0.4182
121,124.66,386.18,19.8289,0.1827,0.4087
122,124.679,387.08,19.8613,0.2217,0.3926
123,124.7,387.98,19.1856,0.2135,0.3903
124,124.719,388.87,17.027,0.2154,0.3876
125,124.74,389.76,14.401,0.2642,0.4121
126,124.759,390.64,11.6997,0.3105,0.4553
127,124.779,391.51,9.5529,0.3301,0.5182
128,124.799,392.38,8.5034,0.2964,0.6403
129,124.819,393.26,8.8844,0.246,0.8095
130,124.84,394.14,10.9569,0.2485,0.9479
131,124.859,395.03,12.9739,0.2794,0.8953
132,124.88,395.91,14.2032,0.3102,0.8485
133,124.899,396.81,14.1513,0.3095,0.8213
134,124.92,397.7,14.0253,0.76,
135,124.939,398.58,14.615,0.7701,
136,124.959,399.49,16.2885,0.8776,
137,124.979,400.39,18.831,0.916,
138,124.999,401.31,21.1389,0.8843,
1,125.29,225.5,7.1818,,
2,125.31,226.39,8.2487,1.0665,
3,125.33,227.28,8.9313,1.0264,
4,125.35,228.17,9.1978,0.1517,1.1418
5,125.37,229.07,9.0649,0.1648,1.2649
6,125.39,229.96,8.6774,0.2058,1.3376
7,125.41,230.84,8.0279,0.2076,1.5634
8,125.43,231.71,6.7621,0.1997,1.7517
9,125.45,232.58,5.3755,0.1826,2.0707
10,125.47,233.45,4.4791,0.155,2.7196
11,125.49,234.31,4.2994,0.1105,2.822
12,125.51,235.16,4.2942,0.053,2.9232
13,125.53,236.02,4.4946,0.0504,3.013
14,125.55,236.87,4.8989,0.055,3.023
15,125.57,237.73,5.0573,0.0578,3.0438
16,125.59,238.59,4.9831,0.0601,3.1578
17,125.61,239.45,5.0801,0.0667,3.3374
18,125.63,240.31,5.3642,0.0675,3.2034
19,125.65,241.18,5.4796,0.0626,3.1053
20,125.67,242.04,5.1109,0.0662,3.1261
21,125.69,242.9,4.6769,0.0716,3.38
22,125.71,243.77,4.6235,0.0677,3.5144
23,125.73,244.63,4.8382,0.0571,3.4298
24,125.75,245.5,5.135,0.0546,3.2571
25,125.77,246.36,4.9434,0.0508,3.1628
26,125.79,247.22,4.5996,0.0481,3.3034
27,125.81,248.07,4.4306,0.0462,3.3761
28,125.83,248.93,4.4922,0.0564,3.3938
29,125.85,249.79,4.7006,0.0856,3.4369
30,125.87,250.65,5.3674,0.1323,3.4047
31,125.89,251.51,6.596,0.1486,3.047
32,125.91,252.38,8.9423,0.1665,2.0149
33,125.93,253.26,11.4842,0.1768,1.4103
34,125.95,254.15,13.7323,0.1963,1.0087
35,125.97,255.04,15.3026,0.1825,0.8856
36,125.99,255.93,15.9223,0.2261,0.7758
37,126.01,256.83,15.6986,0.2578,0.8138
38,126.03,257.71,13.6011,0.245,1.0298
39,126.05,258.59,10.4939,0.2304,1.0722
40,126.07,259.45,8.1953,0.2032,1.2912
41,126.09,260.32,6.4854,0.1778,1.6897
42,126.11,261.19,5.6723,0.1405,2.1823
43,126.13,262.06,5.4293,0.0884,2.3426
44,126.15,262.92,5.3697,0.0761,2.484
45,126.17,263.79,5.3283,0.0774,2.6297
46,126.19,264.66,5.3037,0.0748,2.7439
47,126.21,265.53,5.3792,0.0715,2.8336
48,126.23,266.4,5.587,0.0705,2.9006
49,126.25,267.27,5.7869,0.0687,2.9255
50,126.27,268.14,5.8604,0.069,2.8645
51,126.29,269.01,5.6615,0.072,2.8743
52,126.31,269.88,5.4881,0.0763,2.9271
53,126.33,270.75,5.6543,0.0796,2.978
54,126.35,271.62,5.8949,0.0779,2.9771
55,126.37,272.49,6.0704,0.0677,2.9818
56,126.39,273.36,6.1959,0.0639,2.9629
57,126.41,274.23,6.3136,0.0658,2.9685
58,126.43,275.09,6.5121,0.0658,2.9013
59,126.45,275.95,6.5326,0.0663,2.8856
60,126.47,276.82,6.1829,0.0684,2.8914
61,126.49,277.68,5.6693,0.0749,2.9613
62,126.51,278.54,5.1041,0.0712,3.078
63,126.53,279.4,4.736,0.0666,3.2526
64,126.55,280.26,4.7077,0.0575,3.2896
65,126.57,281.11,4.8085,0.0483,3.2304
66,126.59,281.97,4.7757,0.0547,3.2743
67,126.61,282.84,4.8052,0.0643,3.27
68,126.63,283.7,4.8679,0.069,3.3704
69,126.65,284.56,5.1352,0.0706,3.2956
70,126.67,285.42,5.3784,0.0727,3.2991
71,126.69,286.29,5.5853,0.0983,3.4295
72,126.71,287.15,6.165,0.1134,3.5082
73,126.73,288.02,7.2941,0.1323,3.4251
74,126.75,288.89,8.6201,0.1395,2.4285
75,126.77,289.77,9.3246,0.133,1.8415
76,126.79,290.64,9.0401,0.1406,2.1515
77,126.81,291.52,8.4622,0.143,2.3219
78,126.83,292.39,7.7591,0.1308,2.5194
79,126.85,293.27,7.2483,0.1046,2.6678
80,126.87,294.15,7.1372,0.0892,2.7107
81,126.89,295.02,7.6488,0.0769,2.6815
82,126.91,295.89,7.8546,0.0727,2.5918
83,126.93,296.76,7.4111,0.0684,2.5977
84,126.95,297.65,6.6086,0.0696,2.6486
85,126.97,298.53,5.943,0.0676,2.7654
86,126.99,299.4,5.5133,0.0611,2.8796
87,127.01,300.28,5.3043,0.0559,2.9902
88,127.03,301.17,5.1554,0.0535,3.0549
89,127.05,302.05,5.1114,0.0529,3.1094
90,127.07,302.94,5.0037,0.0554,3.1751
91,127.09,303.83,4.9704,0.0551,3.2152
92,127.11,304.71,5.0487,0.0515,3.2435
93,127.13,305.61,5.0972,0.0491,3.2045
94,127.15,306.51,5.0104,0.0485,3.1698
95,127.17,307.39,4.8097,0.0484,3.2348
96,127.19,308.28,4.5542,0.0481,3.3497
97,127.21,309.17,4.3632,0.05,3.4492
98,127.23,310.06,4.3315,0.0499,3.4529
99,127.25,310.94,4.197,0.0497,3.5555
100,127.27,311.83,4.1538,0.0557,3.6305
101,127.29,312.73,4.2464,0.0702,3.6981
102,127.31,313.63,4.6316,0.1035,3.785
103,127.33,314.52,5.6699,0.1294,3.6384
104,127.35,315.43,8.1222,0.1521,3.2266
105,127.37,316.39,11.8129,0.1754,2.0091
106,127.39,317.46,14.5543,0.2026,1.0593
107,127.41,318.57,15.43,0.2278,0.6994
108,127.43,319.56,15.5635,0.2265,0.6604
109,127.45,320.47,15.2651,0.2142,0.559
110,127.47,321.37,14.839,0.2179,0.7273
111,127.49,322.27,14.378,0.2306,0.7538
112,127.51,323.17,13.9085,0.2522,0.8036
113,127.53,324.08,13.2776,0.2648,0.8646
114,127.55,324.97,12.866,0.2693,0.9121
115,127.57,325.88,12.8802,0.2654,0.9462
116,127.59,326.78,12.9435,0.2642,0.993
117,127.61,327.69,12.5876,0.2701,1.0337
118,127.63,328.58,11.767,0.2873,1.0805
119,127.65,329.49,10.9211,0.3078,1.2164
120,127.67,330.38,10.4311,0.3197,1.3692
121,127.69,331.29,10.5378,0.3159,1.5115
122,127.71,332.2,11.4257,0.298,1.6152
123,127.73,333.14,12.9348,0.2544,1.6222
124,127.75,334.2,14.7845,0.194,1.4786
125,127.77,335.44,16.0667,0.1546,1.0115
126,127.79,336.49,16.1766,0.1499,0.7674
127,127.81,337.42,14.795,0.1902,0.7979
128,127.83,338.31,12.0422,0.1996,0.8394
129,127.85,339.2,9.5979,0.1767,0.9154
130,127.87,340.09,7.5295,0.1543,1.129
131,127.89,340.97,6.4358,0.1575,1.4374
132,127.91,341.85,6.3212,0.1566,1.6989
133,127.93,342.74,6.4406,1.897,
134,127.95,343.63,6.8368,2.1472,
135,127.97,344.52,7.6204,2.4087,
136,127.99,345.42,8.5039,2.1608,
137,128.01,346.41,7.914,,
1,128.238,314.5,4.3021,,
2,128.258,315.39,5.8258,1.2388,
3,128.278,316.28,7.167,1.1892,
4,128.298,317.17,7.5971,0.1159,1.2025
5,128.318,318.07,7.3695,0.1275,1.4341
6,128.338,318.96,6.2972,0.1379,1.6443
7,128.358,319.84,4.9109,0.1342,1.873
8,128.378,320.72,4.1649,0.1115,2.4278
9,128.398,321.6,4.0826,0.0774,2.5544
10,128.418,322.48,4.0776,0.0543,2.6688
11,128.438,323.37,4.0953,0.0572,2.8277
12,128.458,324.25,4.134,0.0598,2.9136
13,128.478,325.14,4.2981,0.0576,3.0438
14,128.498,326.01,4.5478,0.0552,3.0745
15,128.518,326.9,4.5757,0.0534,3.165
16,128.538,327.78,4.4412,0.0535,3.2318
17,128.558,328.65,4.3424,0.0605,3.5197
18,128.578,329.53,4.4261,0.0772,3.6866
19,128.598,330.42,4.9626,0.0853,3.6769
20,128.618,331.3,5.6712,0.0859,3.1518
21,128.638,332.17,5.9153,0.0891,2.9412
22,128.658,333.06,5.4177,0.0924,3.121
23,128.678,333.95,4.8666,0.095,3.6353
24,128.698,334.82,4.6594,0.081,3.7125
25,128.718,335.7,4.5509,0.0528,3.7747
26,128.738,336.58,4.5171,0.0503,3.8163
27,128.758,337.47,4.5116,0.0487,3.8318
28,128.778,338.34,4.4821,0.051,3.8444
29,128.798,339.22,4.4597,0.0547,3.8018
30,128.818,340.11,4.441,0.0547,3.7904
31,128.838,340.99,4.3956,0.0503,3.7665
32,128.858,341.86,4.3983,0.0514,3.7689
33,128.878,342.74,4.3836,0.0499,3.7752
34,128.898,343.62,4.3369,0.0472,3.7048
35,128.918,344.5,4.2605,0.0427,3.6877
36,128.938,345.37,4.2514,0.0417,3.6889
37,128.958,346.25,4.2365,0.0465,3.9604
38,128.978,347.13,4.4774,0.0509,4.06
39,128.998,348.0,4.9977,0.0528,3.966
40,129.018,348.89,5.4786,0.0545,3.5219
41,129.038,349.79,5.5846,0.0519,3.6137
42,129.058,350.68,5.39,0.0496,3.608
43,129.078,351.57,5.1152,0.0521,3.7864
44,129.098,352.45,4.8363,0.0533,3.8676
45,129.118,353.34,4.7579,0.0538,3.8214
46,129.138,354.22,4.7543,0.05,3.8229
47,129.158,355.1,4.7758,0.043,3.7968
48,129.178,355.98,4.7297,0.0371,3.8494
49,129.198,356.86,4.7628,0.0657,3.8818
50,129.218,357.74,5.0243,0.0874,3.9307
51,129.238,358.63,6.3875,0.0907,3.9026
52,129.258,359.53,9.1365,0.1224,2.8904
53,129.278,360.41,10.9637,0.1585,1.8421
54,129.298,361.31,10.6987,0.1716,2.1024
55,129.318,362.2,9.1792,0.1891,2.0283
56,129.338,363.09,7.4884,0.1944,2.347
57,129.358,363.98,6.0616,0.1749,2.8401
58,129.378,364.86,5.26,0.1525,3.2602
59,129.398,365.74,5.4264,0.1073,3.4636
60,129.418,366.64,6.3104,0.0688,3.5332
61,129.438,367.53,7.1351,0.0598,3.042
62,129.458,368.42,7.045,0.0542,2.8143
63,129.478,369.3,6.2158,0.0573,2.9628
64,129.498,370.19,5.4219,0.0627,3.1738
65,129.518,371.07,4.956,0.0641,3.3435
66,129.538,371.94,4.8979,0.0615,3.5388
67,129.558,372.82,4.9525,0.0554,3.4539
68,129.578,373.71,4.8191,0.0521,3.6013
69,129.598,374.6,4.621,0.0555,3.6504
70,129.618,375.48,4.5311,0.0499,3.7315
71,129.638,376.37,4.4717,0.0465,3.8061
72,129.658,377.26,4.4526,0.0436,3.8531
73,129.678,378.14,4.4435,0.0434,3.866
74,129.698,379.03,4.4634,0.0433,3.8902
75,129.718,379.92,4.5064,0.0424,3.891
76,129.738,380.8,4.5503,0.0426,3.8946
77,129.758,381.68,4.5713,0.0435,3.9029
78,129.778,382.55,4.5808,0.0441,3.9479
79,129.798,383.44,4.5565,0.0472,3.9831
80,129.818,384.31,4.5913,0.0503,4.0098
81,129.838,385.2,4.6142,0.0522,4.0097
82,129.858,386.1,4.6085,0.0551,4.0281
83,129.878,386.99,4.6043,0.0584,4.0298
84,129.898,387.88,4.5987,0.0607,4.0327
85,129.918,388.78,4.597,0.0629,4.0369
86,129.938,389.68,4.5848,0.0637,4.047
87,129.958,390.56,4.5641,0.064,4.0517
88,129.978,391.46,4.5705,0.0647,4.0624
89,129.998,392.35,4.6026,0.0637,4.0776
90,130.018,393.24,4.6343,0.0636,4.0764
91,130.038,394.13,4.6925,0.0641,4.0691
92,130.058,395.02,4.7262,0.0637,4.0539
93,130.078,395.91,4.6644,0.0643,4.0638
94,130.098,396.8,4.6749,0.0647,4.0451
95,130.118,397.69,4.6817,0.0641,4.0568
96,130.138,398.59,4.6772,0.0634,4.0543
97,130.158,399.47,4.6726,0.063,4.0559
98,130.178,400.36,4.6673,0.0632,4.0598
99,130.198,401.25,4.664,0.0624,4.0669
100,130.218,402.13,4.6595,0.0617,4.0792
101,130.238,403.02,4.6531,0.0611,4.077
102,130.258,403.9,4.6578,0.0606,4.0791
103,130.278,404.8,4.6667,0.0603,4.0887
104,130.298,405.69,4.6552,0.0598,4.0766
105,130.318,406.58,4.6468,0.0601,4.0695
106,130.338,407.48,4.6324,0.0601,4.0606
107,130.358,408.37,4.6189,0.06,4.0548
108,130.378,409.27,4.6017,0.0601,4.0527
109,130.398,410.17,4.5791,0.0603,4.0422
110,130.418,411.05,4.5798,0.06,4.0501
111,130.438,411.94,4.5744,0.0593,4.0518
112,130.458,412.84,4.5752,0.0595,4.0535
113,130.478,413.73,4.5761,0.059,4.0497
114,130.498,414.62,4.5751,0.059,4.0574
115,130.518,415.52,4.5729,0.0587,4.0498
116,130.538,416.42,4.5774,0.0592,4.0554
117,130.558,417.31,4.5818,0.0592,4.0631
118,130.578,418.21,4.5793,0.0586,4.0634
119,130.598,419.1,4.5862,0.0583,4.0582
120,130.618,419.98,4.6067,0.0578,4.0629
121,130.638,420.88,4.6195,0.0582,4.0774
122,130.658,421.77,4.6261,0.0582,4.0699
123,130.678,422.66,4.6341,0.0577,4.0622
124,130.698,423.55,4.6554,0.0571,4.0536
125,130.718,424.45,4.6767,0.057,4.0426
126,130.738,425.34,4.688,0.0577,4.0481
127,130.758,426.24,4.683,0.058,4.0566
128,130.778,427.13,4.6829,0.0583,4.0432
129,130.798,428.03,4.6952,0.0579,4.0174
130,130.818,428.91,4.7118,0.0575,3.9969
131,130.838,429.81,4.722,0.0568,3.9763
132,130.858,430.71,4.7125,0.0563,3.964
133,130.878,431.6,4.7287,0.0554,3.9579
134,130.898,432.49,4.7481,0.0554,3.9448
135,130.918,433.38,4.7676,3.8668,
136,130.938,434.28,4.795,3.8562,
137,130.958,435.17,4.8065,3.8002,
138,130.978,436.07,4.8075,3.7577,
139,130.998,436.95,4.8122,3.7675,
140,131.007,437.5,4.8104,,
1,131.307,276.5,4.0236,,
2,131.327,277.4,4.2501,1.9196,
3,131.347,278.28,4.2757,1.9785,
4,131.367,279.17,4.3113,0.0537,2.1843
5,131.387,280.05,4.615,0.064,2.2709
6,131.407,280.94,4.8924,0.0681,2.2611
7,131.427,281.82,4.9166,0.0683,2.3406
8,131.447,282.71,4.8684,0.0837,2.5525
9,131.467,283.6,5.3483,0.0883,2.61
10,131.487,284.48,6.0192,0.0958,2.4797
11,131.507,285.37,6.227,0.0975,2.3336
12,131.527,286.26,5.858,0.1023,2.5991
13,131.547,287.14,5.6748,0.1036,2.8417
14,131.567,288.02,5.6445,0.092,2.8785
15,131.587,288.91,5.6937,0.0881,2.8698
16,131.607,289.8,6.2963,0.1094,2.9974
17,131.627,290.69,7.3081,0.1341,2.8755
18,131.647,291.59,7.7846,0.1418,2.5263
19,131.667,292.47,7.5523,0.1338,2.2977
20,131.687,293.36,6.8653,0.1201,2.4001
21,131.707,294.25,6.4175,0.1022,2.4801
22,131.727,295.14,6.4167,0.09,2.8615
23,131.747,296.03,6.5649,0.0683,2.8602
24,131.767,296.91,6.3604,0.0595,2.8707
25,131.787,297.8,6.2172,0.0731,2.6663
26,131.807,298.69,6.1302,0.0777,2.824
27,131.827,299.57,6.1408,0.0751,2.9033
28,131.847,300.46,5.958,0.0738,2.9468
29,131.867,301.35,6.2728,0.0577,3.0059
30,131.887,302.23,6.9249,0.0555,2.9088
31,131.907,303.12,7.2905,0.0572,2.7534
32,131.927,304.01,7.2436,0.0557,2.8498
33,131.947,304.9,6.5017,0.0474,2.8814
34,131.967,305.78,5.8119,0.05,3.135
35,131.987,306.67,5.9809,0.0468,3.2025
36,132.007,307.56,5.9235,0.0441,3.2215
37,132.027,308.44,5.5139,0.0439,3.284
38,132.047,309.32,5.0717,0.051,3.5455
39,132.067,310.19,4.7389,0.0585,3.8964
40,132.087,311.07,4.6259,0.0622,3.916
41,132.107,311.95,4.5989,0.062,3.8724
42,132.127,312.84,4.5551,0.063,3.8682
43,132.147,313.72,4.501,0.0664,3.8598
44,132.167,314.6,4.4978,0.0683,3.8715
45,132.187,315.49,4.5266,0.0665,3.9448
46,132.207,316.39,4.5234,0.0667,3.9963
47,132.227,317.28,4.5831,0.0658,4.0326
48,132.247,318.15,4.6362,0.0653,4.0627
49,132.267,319.03,4.7051,0.0671,4.0594
50,132.287,319.92,4.74,0.0698,3.9732
51,132.307,320.79,4.7326,0.07,4.0111
52,132.327,321.67,4.7321,0.0701,3.9578
53,132.347,322.56,4.7461,0.0679,3.8281
54,132.367,323.45,4.6647,0.0679,3.9747
55,132.387,324.32,4.635,0.0665,3.9776
56,132.407,325.21,4.6213,0.0652,4.0238
57,132.427,326.1,4.6165,0.0642,4.0303
58,132.447,326.97,4.6229,0.0614,4.0459
59,132.467,327.85,4.6186,0.0616,4.0792
60,132.487,328.73,4.6842,0.0614,4.0727
61,132.507,329.62,4.7419,0.0595,4.0986
62,132.527,330.49,4.7308,0.0606,3.9672
63,132.547,331.37,4.7145,0.0643,3.9071
64,132.567,332.25,4.6776,0.0676,4.0481
65,132.587,333.13,4.6818,0.0725,4.0165
66,132.607,334.01,4.7014,0.0677,3.9565
67,132.627,334.89,4.726,0.0661,4.0077
68,132.647,335.78,4.7896,0.0645,4.0662
69,132.667,336.66,5.146,0.0641,4.0786
70,132.687,337.55,5.4023,0.0614,3.8124
71,132.707,338.44,5.5312,0.0601,3.4061
72,132.727,339.32,4.9698,0.0619,3.5837
73,132.747,340.2,4.7496,0.0625,3.8648
74,132.767,341.08,4.6818,0.0579,3.9006
75,132.787,341.96,4.6809,0.0573,3.9265
76,132.807,342.83,4.6568,0.0607,3.9645
77,132.827,343.72,4.6691,0.0632,3.9965
78,132.847,344.61,4.664,0.0657,4.0072
79,132.867,345.51,4.7165,0.0694,4.0166
80,132.887,346.39,4.7478,0.0713,4.0555
81,132.907,347.28,4.7389,0.0727,4.0389
82,132.927,348.17,4.7816,0.0737,4.0757
83,132.947,349.05,4.8298,0.0753,4.0932
84,132.967,349.95,4.8603,0.0759,4.1362
85,132.987,350.84,4.8683,0.077,4.1412
86,133.007,351.72,4.882,0.0771,4.1305
87,133.027,352.6,4.8658,0.0766,4.1098
88,133.047,353.49,4.8523,0.0765,4.1328
89,133.067,354.37,4.8391,0.0771,4.1528
90,133.087,355.24,4.8256,0.0765,4.1392
91,133.107,356.13,4.8447,0.0753,4.1282
92,133.127,357.03,4.9017,0.074,4.1728
93,133.147,357.92,4.9179,0.0749,4.2074
94,133.167,358.82,4.9056,0.0757,4.1654
95,133.187,359.71,4.8874,0.0747,4.1278
96,133.207,360.61,4.8438,0.0757,4.1027
97,133.227,361.5,4.8184,0.0745,4.1116
98,133.247,362.4,4.82,0.0738,4.1058
99,133.267,363.28,4.8512,0.0735,4.1297
100,133.287,364.17,4.8507,0.0736,4.1332
101,133.307,365.07,4.8018,0.0723,4.1136
102,133.327,365.97,4.7698,0.0711,4.1166
103,133.347,366.85,4.7051,0.07,4.1213
104,133.367,367.75,4.668,0.0686,4.1538
105,133.387,368.64,4.6251,0.0676,4.194
106,133.407,369.52,4.5934,0.066,4.2068
107,133.427,370.4,4.5737,0.0653,4.1977
108,133.447,371.3,4.5863,0.065,4.1701
109,133.467,372.19,4.6202,0.064,4.1659
110,133.487,373.08,4.6592,0.0666,4.1637
111,133.507,373.98,4.7026,0.0668,4.1791
112,133.527,374.86,4.672,0.0681,4.1916
113,133.547,375.75,4.6928,0.0701,4.1656
114,133.567,376.64,4.7271,0.0703,4.1486
115,133.587,377.54,4.6971,0.0688,4.1437
116,133.607,378.43,4.7171,0.0676,4.1307
117,133.627,379.32,4.684,0.0679,4.1566
118,133.647,380.21,4.6333,0.0653,4.1227
119,133.667,381.1,4.6296,0.0629,4.1227
120,133.687,381.99,4.6226,0.062,4.1644
121,133.707,382.88,4.5715,0.0596,4.1601
122,133.727,383.77,4.5307,0.0582,4.197
123,133.747,384.67,4.5725,0.063,4.123
124,133.767,385.56,4.7106,0.073,4.1539
125,133.787,386.45,4.7775,0.0799,4.1166
126,133.807,387.33,4.8788,0.0759,4.0503
127,133.827,388.22,4.9841,0.0914,4.0223
128,133.847,389.12,5.1381,0.1058,3.7074
129,133.867,390.01,5.7377,0.1213,3.7987
130,133.887,390.9,6.2782,0.1338,3.4076
131,133.907,391.8,6.1283,0.1378,2.7076
132,133.927,392.7,5.9879,3.4229,
133,133.947,393.59,5.2148,2.6009,
134,133.967,394.48,4.7378,3.124,
135,133.987,395.37,4.6746,3.3091,
136,134.007,396.42,4.7546,,
1,134.42,525.0,3.9248,,
2,134.44,525.88,4.1198,2.6364,
3,134.46,526.76,4.2034,2.5964,
4,134.48,527.66,4.2155,0.0813,2.7401
5,134.5,528.54,4.2768,0.0878,2.9146
6,134.52,529.44,4.36,0.0909,3.0729
7,134.54,530.32,4.4955,0.0893,3.3486
8,134.56,531.21,4.5999,0.0839,3.5269
9,134.58,532.11,4.7307,0.0793,3.5117
10,134.6,532.99,4.7319,0.0732,3.6964
11,134.62,533.88,4.6873,0.068,3.8583
12,134.64,534.78,4.6577,0.0684,3.891
13,134.66,535.66,4.7276,0.0695,3.901
14,134.68,536.56,4.7753,0.0743,4.0143
15,134.7,537.44,4.9101,0.0853,3.8674
16,134.72,538.33,5.1125,0.0983,4.0873
17,134.74,539.22,5.3934,0.1164,4.1795
18,134.76,540.12,5.7119,0.1273,3.7755
19,134.78,541.01,5.9016,0.1436,3.6181
20,134.8,541.89,6.0687,0.1605,3.5133
21,134.82,542.79,6.1254,0.1692,3.6037
22,134.84,543.68,6.1873,0.1758,3.5234
23,134.86,544.57,6.234,0.1828,3.5203
24,134.88,545.46,6.2869,0.1912,3.4422
25,134.9,546.35,6.3353,0.1976,3.4966
26,134.92,547.25,6.4146,0.2016,3.5323
27,134.94,548.14,6.481,0.2058,3.4721
28,134.96,549.03,6.5172,0.2098,3.5627
29,134.98,549.92,6.5196,0.2108,3.5541
30,135.0,550.81,6.4584,0.2102,3.6496
31,135.02,551.71,6.4575,0.2118,3.7117
32,135.04,552.61,6.4573,0.21,3.6222
33,135.06,553.49,6.5011,0.2057,3.6614
34,135.08,554.39,6.5487,0.2108,3.7071
35,135.1,555.28,6.5752,0.2138,3.7242
36,135.12,556.18,6.583,0.2149,3.6764
37,135.14,557.08,6.6173,0.2156,3.5657
38,135.16,557.98,6.6688,0.2175,3.6952
39,135.18,558.88,6.6452,0.2244,3.9236
40,135.2,559.78,6.696,0.2303,3.6975
41,135.22,560.68,6.7214,0.2334,3.6834
42,135.24,561.59,6.7481,0.2346,3.7252
43,135.26,562.49,6.7389,0.2261,3.5403
44,135.28,563.4,6.6327,0.2214,3.6546
45,135.3,564.31,6.5543,0.2239,3.7882
46,135.32,565.22,6.6053,0.2191,3.8115
47,135.34,566.14,6.7223,0.2137,3.8236
48,135.36,567.07,6.9185,0.2203,4.0615
49,135.38,568.0,7.049,0.2243,4.062
50,135.4,568.92,6.9392,0.2278,4.0788
51,135.42,569.86,6.7124,0.2334,3.5754
52,135.44,570.79,6.6229,0.2434,3.5268
53,135.46,571.73,6.5142,0.2494,3.3508
54,135.48,572.7,6.3361,0.2326,3.2316
55,135.5,573.66,6.2673,0.2105,3.239
56,135.52,574.63,6.1818,0.2043,3.4219
57,135.54,575.59,5.9366,0.1953,3.717
58,135.56,576.54,5.7337,0.1867,3.6868
59,135.58,577.5,5.6929,0.1671,3.5089
60,135.6,578.45,5.653,0.1642,3.1846
61,135.62,579.41,5.5394,0.1705,3.2477
62,135.64,580.37,5.4347,0.1719,3.4039
63,135.66,581.33,5.3439,0.1616,3.2954
64,135.68,582.29,5.3953,0.1469,3.2341
65,135.7,583.25,5.3915,0.1398,3.2999
66,135.72,584.2,5.2846,0.1377,3.3806
67,135.74,585.15,5.2175,0.1307,3.4802
68,135.76,586.1,5.2233,0.1372,3.4896
69,135.78,587.05,5.3883,0.1417,3.4523
70,135.8,588.02,5.4203,0.1393,3.4549
71,135.82,588.99,5.2508,0.1371,3.2756
72,135.84,589.95,5.1811,0.1419,3.3282
73,135.86,590.91,5.0622,0.1469,3.4444
74,135.88,591.88,5.0664,0.1391,3.4566
75,135.9,592.88,5.1621,0.1311,3.3945
76,135.92,593.86,5.1548,0.1269,3.2993
77,135.94,594.82,5.0382,0.1254,3.0697
78,135.96,595.77,4.8686,0.1219,3.3069
79,135.98,596.71,4.7138,0.1131,3.3592
80,136.0,597.65,4.6377,0.1046,3.3089
81,136.02,598.57,4.5874,0.1018,3.3066
82,136.04,599.48,4.5639,0.0938,3.2976
83,136.06,600.4,4.502,0.0909,3.2905
84,136.08,601.33,4.5538,0.0838,3.2741
85,136.1,602.24,4.6119,0.0698,3.2606
86,136.12,603.16,4.5513,0.0626,3.2084
87,136.14,604.09,4.3883,0.0644,3.2681
88,136.16,605.0,4.2947,0.0657,3.4002
89,136.18,605.91,4.2811,0.0688,3.4009
90,136.2,606.82,4.2149,0.0644,3.3907
91,136.22,607.73,4.1644,0.0689,3.5163
92,136.24,608.64,4.2588,0.0802,3.5912
93,136.26,609.55,4.4988,0.085,3.6401
94,136.28,610.47,4.9237,0.0838,3.6483
95,136.3,611.38,5.2288,0.0866,3.254
96,136.32,612.3,4.8291,0.093,3.2941
97,136.34,613.2,4.685,0.1027,3.6953
98,136.36,614.12,4.6738,0.0984,3.6987
99,136.38,615.02,4.7562,0.0837,3.7334
100,136.4,615.93,4.7438,0.0826,3.796
101,136.42,616.84,4.7309,0.0831,3.749
102,136.44,617.75,4.7483,0.0805,3.8746
103,136.46,618.65,4.776,0.0798,3.9133
104,136.48,619.56,4.7676,0.0772,3.92
105,136.5,620.46,4.7669,0.0685,3.9135
106,136.52,621.37,4.7672,0.0762,3.9452
107,136.54,622.26,4.9062,0.0867,4.0118
108,136.56,623.17,5.3026,0.0917,4.1376
109,136.58,624.07,5.8822,0.098,4.0207
110,136.6,624.96,5.8685,0.0991,3.4902
111,136.62,625.87,5.2733,0.1066,3.6137
112,136.64,626.77,5.0467,0.1147,3.7959
113,136.66,627.68,5.0957,0.0886,3.908
114,136.68,628.58,5.0408,0.0761,3.9322
115,136.7,629.49,4.9592,0.0694,3.9537
116,136.72,630.39,4.8242,0.0736,3.9073
117,136.74,631.29,4.927,0.0761,3.9331
118,136.76,632.19,5.0166,0.0779,3.9081
119,136.78,633.09,5.091,0.0769,3.7057
120,136.8,633.98,4.906,0.0806,3.843
121,136.82,634.88,4.8644,0.0837,3.8923
122,136.84,635.78,4.8482,0.0772,3.8895
123,136.86,636.68,4.8121,0.0673,3.8672
124,136.88,637.58,4.7462,0.0667,3.9198
125,136.9,638.48,4.7009,0.0673,3.9281
126,136.92,639.38,4.7109,3.9672,
127,136.94,640.28,4.7405,3.9847,
128,136.96,641.17,4.7754,3.9967,
129,136.98,642.07,4.7962,4.0091,
130,137.0,642.98,4.7724,,
1,137.295,335.5,3.5538,,
2,137.315,336.4,3.6161,2.5524,
3,137.335,337.28,3.6946,2.7154,
4,137.355,338.17,3.7506,0.0651,2.747
5,137.375,339.06,3.835,0.0664,2.832
6,137.395,339.95,4.0419,0.0698,3.0184
7,137.415,340.84,4.2703,0.0714,3.1997
8,137.435,341.73,4.4422,0.0713,3.3358
9,137.455,342.62,4.3648,0.0727,3.6068
10,137.475,343.5,4.4964,0.0745,3.7146
11,137.495,344.39,4.5246,0.0742,3.7958
12,137.515,345.28,4.5335,0.0675,3.8653
13,137.535,346.17,4.5473,0.0686,3.9912
14,137.555,347.06,4.4838,0.061,3.9901
15,137.575,347.95,4.4542,0.0595,4.1077
16,137.595,348.84,4.5465,0.0592,4.1212
17,137.615,349.73,4.6132,0.0573,4.1016
18,137.635,350.62,4.6818,0.0564,4.0891
19,137.655,351.51,4.6916,0.0585,4.0886
20,137.675,352.39,4.6797,0.0583,4.0895
21,137.695,353.28,4.6226,0.0594,4.1641
22,137.715,354.17,4.5808,0.0592,4.0889
23,137.735,355.06,4.5742,0.0562,4.1896
24,137.755,355.95,4.6268,0.0562,4.1229
25,137.775,356.84,4.6264,0.0535,4.1255
26,137.795,357.73,4.6137,0.0564,4.1066
27,137.815,358.62,4.5748,0.0554,4.1344
28,137.835,359.5,4.5554,0.0565,4.0755
29,137.855,360.4,4.5422,0.0568,4.1143
30,137.875,361.29,4.6103,0.0586,4.1809
31,137.895,362.18,4.7278,0.0587,4.1961
32,137.915,363.08,4.7581,0.0581,4.1484
33,137.935,363.98,4.7266,0.0602,4.1758
34,137.955,364.89,4.7345,0.063,4.1678
35,137.975,365.81,4.7551,0.0646,4.115
36,137.995,366.72,4.751,0.0658,4.1333
37,138.015,367.65,4.6869,0.0657,4.0926
38,138.035,368.58,4.6629,0.0664,4.1089
39,138.055,369.52,4.6254,0.0638,4.1621
40,138.075,370.47,4.6017,0.0615,4.1942
41,138.095,371.43,4.6349,0.0617,4.2047
42,138.115,372.38,4.73,0.06,4.1812
43,138.135,373.3,4.7863,0.0646,4.0837
44,138.155,374.21,4.8248,0.0675,4.0819
45,138.175,375.11,4.8238,0.0685,4.0577
46,138.195,376.01,4.8151,0.0718,4.1129
47,138.215,376.9,4.8474,0.0694,4.002
48,138.235,377.79,4.7829,0.0687,4.0176
49,138.255,378.69,4.7345,0.0689,4.0617
50,138.275,379.59,4.7373,0.0668,4.0919
51,138.295,380.49,4.7671,0.0679,4.1148
52,138.315,381.39,4.8435,0.0666,4.1645
53,138.335,382.28,4.8166,0.0665,4.0407
54,138.355,383.19,4.7703,0.0677,4.0352
55,138.375,384.08,4.7424,0.0677,4.0482
56,138.395,384.98,4.7416,0.0674,4.0782
57,138.415,385.88,4.7415,0.066,4.0434
58,138.435,386.78,4.6867,0.0624,4.0455
59,138.455,387.68,4.6453,0.0626,4.0095
60,138.475,388.57,4.6512,0.0613,3.9657
61,138.495,389.47,4.6442,0.0622,4.0531
62,138.515,390.37,4.6355,0.0626,4.072
63,138.535,391.27,4.6375,0.0597,4.045
64,138.555,392.17,4.643,0.0616,3.9521
65,138.575,393.07,4.6831,0.0632,4.0166
66,138.595,393.96,4.709,0.0624,4.1178
67,138.615,394.87,4.709,0.0639,4.1518
68,138.635,395.77,4.7501,0.0651,4.1403
69,138.655,396.67,4.739,0.0638,4.1372
70,138.675,397.57,4.6896,0.0629,4.0561
71,138.695,398.47,4.7263,0.063,4.0076
72,138.715,399.37,4.7553,0.0657,4.0711
73,138.735,400.28,4.7246,0.0644,4.0757
74,138.755,401.18,4.7017,0.0643,4.1126
75,138.775,402.08,4.7123,0.0669,4.1124
76,138.795,402.98,4.7308,0.0657,4.0785
77,138.815,403.89,4.716,0.0651,4.0475
78,138.835,404.79,4.7448,0.0662,3.9893
79,138.855,405.71,4.8036,0.0683,3.9905
80,138.875,406.6,4.7918,0.0709,4.1037
81,138.895,407.52,4.792,0.0705,4.0895
82,138.915,408.42,4.8258,0.0697,4.1151
83,138.935,409.33,4.8178,0.0724,4.1494
84,138.955,410.24,4.8251,0.0737,4.1745
85,138.975,411.16,4.8047,0.0727,4.164
86,138.995,412.07,4.7999,0.0712,4.1615
87,139.015,412.98,4.8067,0.0703,4.1738
88,139.035,413.9,4.7816,0.066,4.1699
89,139.055,414.82,4.7671,0.0659,4.1486
90,139.075,415.73,4.7962,0.0649,4.1244
91,139.095,416.65,4.8047,0.0643,4.085
92,139.115,417.57,4.7252,0.0646,4.0378
93,139.135,418.49,4.7733,0.0671,4.1564
94,139.155,419.41,4.7553,0.0709,4.1567
95,139.175,420.34,4.7402,0.0637,4.1208
96,139.195,421.26,4.6974,0.0592,4.0606
97,139.215,422.2,4.6353,0.0596,4.0747
98,139.235,423.12,4.6263,0.0592,4.121
99,139.255,424.05,4.6221,0.0576,4.1358
100,139.275,425.01,4.7247,0.0562,4.1458
101,139.295,425.95,4.7646,0.0577,4.1509
102,139.315,426.9,4.7688,0.0584,4.1446
103,139.335,427.84,4.6964,0.0585,4.1535
104,139.355,428.8,4.6563,0.0594,4.1603
105,139.375,429.76,4.7116,0.0581,4.2004
106,139.395,430.72,4.7659,0.0612,4.1936
107,139.415,431.69,4.7717,0.0591,4.113
108,139.435,432.66,4.7357,0.0599,4.1321
109,139.455,433.64,4.7141,0.0614,4.0861
110,139.475,434.64,4.7166,0.0616,4.1184
111,139.495,435.64,4.7005,0.0621,4.1251
112,139.515,436.61,4.6807,0.0601,4.1544
113,139.535,437.53,4.7246,0.0616,4.1633
114,139.555,438.44,4.7677,0.0665,4.156
115,139.575,439.36,4.7378,0.0633,4.0748
116,139.595,440.26,4.7078,0.0632,4.1191
117,139.615,441.17,4.6659,0.0642,4.0687
118,139.635,442.07,4.659,0.0628,4.1255
119,139.655,442.98,4.647,0.0634,4.1481
120,139.675,443.89,4.7194,0.0628,4.1704
121,139.695,444.8,4.7291,0.0649,4.1672
122,139.715,445.7,4.774,0.0669,4.1234
123,139.735,446.61,4.785,0.0686,4.1286
124,139.755,447.51,4.7379,0.0697,4.1169
125,139.775,448.42,4.7074,0.0649,4.0436
126,139.795,449.32,4.6759,0.0649,4.1058
127,139.815,450.23,4.6948,0.0664,4.1319
128,139.835,451.12,4.7189,0.0635,4.1531
129,139.855,452.03,4.753,0.0609,4.1292
130,139.875,452.94,4.7957,0.0591,4.119
131,139.895,453.85,4.7621,0.0626,4.1436
132,139.915,454.76,4.6537,4.1457,
133,139.935,455.67,4.6565,4.152,
134,139.955,456.58,4.7094,4.1693,
135,139.975,457.48,4.7239,4.1637,
136,139.995,458.4,4.7106,4.1444,
137,140.004,459.0,4.7135,,
1,140.301,341.0,3.8701,,
2,140.322,341.89,3.9561,2.8996,
3,140.341,342.77,4.043,3.0614,
4,140.361,343.66,4.0755,0.0638,3.1878
5,140.382,344.55,4.1036,0.0653,3.3105
6,140.402,345.44,4.179,0.0657,3.4456
7,140.421,346.32,4.2448,0.0659,3.5147
8,140.441,347.21,4.3588,0.0679,3.621
9,140.462,348.1,4.5888,0.0682,3.8093
10,140.481,348.98,4.6915,0.0685,3.9015
11,140.501,349.87,4.6399,0.0684,3.7761
12,140.521,350.76,4.5225,0.0661,4.0036
13,140.542,351.65,4.4577,0.0703,4.022
14,140.561,352.53,4.4863,0.0605,4.0399
15,140.581,353.43,4.5124,0.0591,4.0858
16,140.602,354.31,4.5208,0.0594,4.0376
17,140.622,355.19,4.5249,0.0586,4.0489
18,140.641,356.08,4.5272,0.0592,4.0713
19,140.661,356.98,4.5513,0.0612,4.0488
20,140.682,357.86,4.6168,0.0614,4.0255
21,140.701,358.75,4.6719,0.0622,4.0338
22,140.721,359.64,4.6544,0.0613,3.9871
23,140.742,360.53,4.6411,0.0628,4.008
24,140.762,361.41,4.6514,0.062,4.0372
25,140.781,362.29,4.6531,0.062,4.0732
26,140.801,363.17,4.679,0.061,4.045
27,140.822,364.05,4.7004,0.0604,4.0211
28,140.841,364.94,4.7023,0.0618,4.0309
29,140.861,365.83,4.684,0.062,4.0486
30,140.882,366.72,4.6939,0.0615,3.99
31,140.902,367.6,4.7384,0.0619,3.9772
32,140.921,368.5,4.8039,0.0628,3.8685
33,140.941,369.38,4.7266,0.0663,4.044
34,140.962,370.26,4.8264,0.0693,4.0205
35,140.981,371.15,4.8811,0.0701,4.0879
36,141.001,372.04,4.8513,0.0723,3.8281
37,141.021,372.92,4.7338,0.0728,3.9986
38,141.042,373.81,4.6819,0.0782,3.9445
39,141.061,374.69,4.7073,0.072,3.9168
40,141.081,375.57,4.7013,0.0684,3.9924
41,141.102,376.45,4.7384,0.0667,3.9599
42,141.122,377.35,4.7604,0.0647,3.9876
43,141.141,378.24,4.7454,0.0653,3.9983
44,141.161,379.12,4.7762,0.067,3.988
45,141.182,380.01,4.7986,0.0655,4.0367
46,141.201,380.9,4.8064,0.0669,4.0389
47,141.221,381.78,4.7908,0.0675,4.0503
48,141.242,382.66,4.8057,0.0665,4.0365
49,141.262,383.54,4.7677,0.0669,4.0574
50,141.281,384.43,4.7889,0.0675,4.0113
51,141.301,385.31,4.803,0.0698,4.0622
52,141.322,386.19,4.8163,0.072,3.9967
53,141.341,387.08,4.799,0.0727,3.985
54,141.361,387.97,4.7982,0.0748,3.9474
55,141.382,388.84,4.8117,0.073,3.9435
56,141.402,389.72,4.7879,0.0724,4.0095
57,141.421,390.6,4.8106,0.0721,4.0596
58,141.441,391.48,4.8171,0.0717,3.9938
59,141.462,392.36,4.8378,0.0697,3.983
60,141.481,393.24,4.8027,0.0708,3.9234
61,141.501,394.13,4.7897,0.0705,3.9372
62,141.521,395.0,4.7633,0.0692,3.9933
63,141.542,395.89,4.7756,0.0696,3.9537
64,141.561,396.78,4.7588,0.0667,4.0332
65,141.581,397.66,4.7289,0.0636,3.9875
66,141.602,398.54,4.7317,0.0633,3.943
67,141.622,399.43,4.6896,0.0662,3.8994
68,141.641,400.31,4.6732,0.0661,3.9445
69,141.661,401.19,4.6793,0.0648,3.9351
70,141.682,402.08,4.6836,0.0625,3.9706
71,141.701,402.97,4.7293,0.0633,4.0141
72,141.721,403.85,4.7688,0.0641,4.0829
73,141.742,404.74,4.7669,0.0616,4.0841
74,141.762,405.62,4.7281,0.0612,4.1622
75,141.781,406.51,4.6963,0.0591,4.1707
76,141.801,407.39,4.8064,0.0633,4.1422
77,141.822,408.28,4.7904,0.0633,4.1847
78,141.841,409.16,4.8094,0.0631,4.2086
79,141.861,410.04,4.8042,0.0669,4.2316
80,141.882,410.93,4.9179,0.0708,4.2366
81,141.902,411.82,4.9643,0.0707,4.2775
82,141.921,412.7,4.952,0.0695,4.2764
83,141.941,413.58,4.9739,0.0669,4.245
84,141.962,414.47,4.9841,0.0703,4.2728
85,141.981,415.35,4.9847,0.0712,4.3465
86,142.001,416.23,5.0009,0.0704,4.3206
87,142.021,417.11,5.0639,0.0719,4.3252
88,142.042,418.0,5.1126,0.0735,4.3181
89,142.061,418.88,5.1122,0.0725,4.3528
90,142.081,419.76,5.0561,0.0719,4.2841
91,142.102,420.65,5.1052,0.0724,4.2691
92,142.122,421.54,5.0716,0.0727,4.313
93,142.141,422.41,5.0289,0.0717,4.3044
94,142.161,423.31,5.0428,0.0719,4.287
95,142.182,424.19,5.0732,0.0721,4.3337
96,142.201,425.08,5.108,0.0715,4.381
97,142.221,425.95,5.1077,0.0718,4.4052
98,142.242,426.84,5.1139,0.072,4.3657
99,142.262,427.73,5.0416,0.0727,4.3011
100,142.281,428.61,5.0127,0.072,4.3213
101,142.301,429.5,5.0338,0.07,4.3306
102,142.322,430.39,5.0515,0.0698,4.3211
103,142.341,431.28,5.0915,0.0717,4.3338
104,142.361,432.16,5.1231,0.0732,4.3525
105,142.382,433.04,5.1675,0.073,4.3561
106,142.402,433.94,5.1642,0.0746,4.3683
107,142.421,434.82,5.1475,0.0751,4.3287
108,142.441,435.71,5.1628,0.0761,4.3683
109,142.462,436.59,5.1472,0.0754,4.3835
110,142.481,437.47,5.1868,0.0752,4.3989
111,142.501,438.35,5.1782,0.0762,4.4361
112,142.521,439.24,5.2229,0.0768,4.4471
113,142.542,440.13,5.174,0.0753,4.336
114,142.561,441.01,5.1745,0.0756,4.3607
115,142.581,441.9,5.1823,0.0775,4.3192
116,142.602,442.79,5.2174,0.0784,4.3388
117,142.622,443.68,5.2094,0.0777,4.3633
118,142.641,444.56,5.1723,0.0748,4.3329
119,142.661,445.45,5.1696,0.0761,4.3717
120,142.682,446.34,5.1696,0.078,4.3815
121,142.701,447.23,5.1348,0.0758,4.3175
122,142.721,448.12,5.1286,0.0762,4.3173
123,142.742,449.01,5.2018,0.0749,4.3758
124,142.762,449.9,5.1672,0.074,4.3351
125,142.781,450.79,5.1103,0.0787,4.3014
126,142.801,451.68,5.168,0.0822,4.2372
127,142.822,452.57,5.1913,0.0801,4.3158
128,142.841,453.45,5.2246,0.0818,4.3409
129,142.861,454.34,5.3111,0.083,4.3369
130,142.882,455.23,5.2835,0.0819,4.3365
131,142.902,456.12,5.2087,0.0811,4.2332
132,142.921,457.01,5.226,4.2267,
133,142.941,457.89,5.2424,4.2243,
134,142.962,458.77,5.2101,4.2748,
135,142.981,459.66,5.2256,4.2903,
136,143.001,460.55,5.2707,4.2922,
137,143.011,461.0,5.2764,,
1,143.294,276.5,4.3628,,
2,143.314,277.39,4.4908,3.1168,
3,143.334,278.28,4.601,3.3657,
4,143.354,279.17,4.7377,0.0847,3.6564
5,143.374,280.07,4.8168,0.0797,3.7843
6,143.394,280.96,4.8979,0.0777,3.932
7,143.414,281.85,4.9523,0.0749,4.1081
8,143.434,282.74,4.9303,0.0739,4.1899
9,143.454,283.63,4.974,0.0726,4.2553
10,143.474,284.52,5.0235,0.0718,4.3336
11,143.494,285.41,5.0457,0.0726,4.3508
12,143.514,286.31,5.0644,0.0732,4.3569
13,143.534,287.19,5.0739,0.0732,4.374
14,143.554,288.08,5.085,0.0746,4.2904
15,143.574,288.98,5.1096,0.0747,4.3175
16,143.594,289.87,5.1234,0.0766,4.3726
17,143.614,290.76,5.2192,0.0775,4.3768
18,143.634,291.65,5.2254,0.0756,4.458
19,143.654,292.55,5.1351,0.0735,4.3946
20,143.674,293.44,5.2113,0.0726,4.3187
21,143.694,294.34,5.2398,0.0702,4.431
22,143.714,295.23,5.2194,0.0714,4.4037
23,143.734,296.12,5.2614,0.0742,4.4664
24,143.754,297.01,5.2794,0.0758,4.4177
25,143.774,297.91,5.2724,0.0746,4.4673
26,143.794,298.79,5.3105,0.0722,4.4161
27,143.814,299.68,5.2835,0.0717,4.4554
28,143.834,300.57,5.2356,0.0714,4.371
29,143.854,301.46,5.2127,0.0672,4.3841
30,143.874,302.34,5.1769,0.0663,4.3551
31,143.894,303.24,5.1868,0.0679,4.3533
32,143.914,304.13,5.2133,0.0684,4.4208
33,143.934,305.01,5.2478,0.0667,4.468
34,143.954,305.91,5.3384,0.0681,4.3644
35,143.974,306.8,5.31,0.0697,4.4183
36,143.994,307.68,5.2653,0.0729,4.4179
37,144.014,308.57,5.2217,0.0738,4.3979
38,144.034,309.46,5.3004,0.0765,4.4003
39,144.054,310.35,5.277,0.0733,4.3802
40,144.074,311.23,5.2669,0.0719,4.3548
41,144.094,312.13,5.2479,0.0711,4.3466
42,144.114,313.02,5.2629,0.0706,4.4018
43,144.134,313.9,5.206,0.0755,4.3944
44,144.154,314.79,5.2454,0.0759,4.3373
45,144.174,315.69,5.3106,0.0727,4.3577
46,144.194,316.58,5.3188,0.0749,4.3857
47,144.214,317.46,5.3755,0.0728,4.434
48,144.234,318.36,5.3061,0.071,4.5155
49,144.254,319.25,5.2829,0.0683,4.4762
50,144.274,320.13,5.2898,0.0654,4.5327
51,144.294,321.02,5.2623,0.0701,4.4862
52,144.314,321.91,5.3309,0.0736,4.4245
53,144.334,322.79,5.3222,0.0759,4.3726
54,144.354,323.68,5.3023,0.0775,4.3299
55,144.374,324.57,5.3394,0.0799,4.371
56,144.394,325.46,5.4021,0.0803,4.4206
57,144.414,326.34,5.4218,0.0786,4.4167
58,144.434,327.23,5.3414,0.0779,4.4574
59,144.454,328.12,5.3353,0.0792,4.3476
60,144.474,329.0,5.2957,0.0776,4.3229
61,144.494,329.89,5.3538,0.0778,4.3785
62,144.514,330.78,5.3721,0.0771,4.3524
63,144.534,331.67,5.3467,0.0751,4.4278
64,144.554,332.55,5.3,0.0753,4.4249
65,144.574,333.45,5.2921,0.0736,4.4558
66,144.594,334.34,5.2901,0.0727,4.4595
67,144.614,335.23,5.2767,0.071,4.4419
68,144.634,336.12,5.3082,0.071,4.4543
69,144.654,337.01,5.3029,0.0737,4.4539
70,144.674,337.89,5.2972,0.0758,4.4615
71,144.694,338.77,5.292,0.0761,4.4655
72,144.714,339.65,5.312,0.0773,4.4609
73,144.734,340.55,5.3246,0.0735,4.3808
74,144.754,341.43,5.3555,0.0749,4.4177
75,144.774,342.32,5.3414,0.0757,4.483
76,144.794,343.22,5.3884,0.076,4.5013
77,144.814,344.11,5.4092,0.0711,4.4541
78,144.834,345.0,5.3676,0.0709,4.43
79,144.854,345.89,5.3361,0.0729,4.4292
80,144.874,346.77,5.3518,0.0765,4.4247
81,144.894,347.67,5.3347,0.0775,4.4328
82,144.914,348.56,5.3811,0.0743,4.3864
83,144.934,349.45,5.3702,0.068,4.3664
84,144.954,350.33,5.3654,0.0716,4.4229
85,144.974,351.23,5.4441,0.0753,4.5047
86,144.994,352.12,5.4231,0.0747,4.5405
87,145.014,353.01,5.3329,0.0706,4.4963
88,145.034,353.9,5.4608,0.0733,4.5231
89,145.054,354.79,5.4375,0.0771,4.6058
90,145.074,355.67,5.4241,0.079,4.5762
91,145.094,356.56,5.4203,0.0781,4.5946
92,145.114,357.45,5.4096,0.0796,4.5732
93,145.134,358.34,5.4408,0.0813,4.5821
94,145.154,359.23,5.4575,0.0824,4.5479
95,145.174,360.12,5.4914,0.0819,4.4336
96,145.194,361.02,5.4036,0.0804,4.4337
97,145.214,361.9,5.3915,0.0821,4.42
98,145.234,362.8,5.4331,0.0801,4.5332
99,145.254,363.69,5.446,0.0768,4.4438
100,145.274,364.58,5.3839,0.0755,4.433
101,145.294,365.47,5.4314,0.0764,4.4122
102,145.314,366.36,5.4274,0.0761,4.4482
103,145.334,367.25,5.3943,0.0767,4.4719
104,145.354,368.14,5.3935,0.0783,4.5352
105,145.374,369.03,5.3813,0.0776,4.5244
106,145.394,369.92,5.386,0.0754,4.4868
107,145.414,370.81,5.4008,0.0767,4.4735
108,145.434,371.71,5.4413,0.0759,4.5922
109,145.454,372.6,5.454,0.0754,4.626
110,145.474,373.48,5.4023,0.0738,4.5825
111,145.494,374.37,5.4198,0.0733,4.5227
112,145.514,375.27,5.4351,0.0743,4.563
113,145.534,376.16,5.5129,0.0753,4.5639
114,145.554,377.04,5.4702,0.0749,4.548
115,145.574,377.94,5.453,0.0716,4.4745
116,145.594,378.83,5.3965,0.0696,4.6068
117,145.614,379.72,5.4005,0.0708,4.6031
118,145.634,380.61,5.4201,0.0743,4.7052
119,145.654,381.5,5.4969,0.0732,4.6395
120,145.674,382.39,5.416,0.0688,4.6586
121,145.694,383.28,5.4035,0.071,4.6257
122,145.714,384.17,5.361,0.0758,4.6347
123,145.734,385.07,5.3506,0.0773,4.6173
124,145.754,385.95,5.3888,0.0744,4.6161
125,145.774,386.84,5.4297,0.073,4.6315
126,145.794,387.73,5.4496,0.0747,4.6484
127,145.814,388.62,5.4001,0.0776,4.5952
128,145.834,389.51,5.3982,0.0792,4.5597
129,145.854,390.41,5.4009,0.0781,4.5573
130,145.874,391.31,5.475,0.0817,4.5653
131,145.894,392.19,5.5323,0.082,4.6404
132,145.914,393.08,5.519,4.591,
133,145.934,393.97,5.4661,4.5829,
134,145.954,394.85,5.541,4.6302,
135,145.974,395.75,5.4732,4.5807,
136,145.994,396.64,5.4131,4.5311,
137,146.01,397.5,5.4286,,
1,146.296,341.5,4.4252,,
2,146.316,342.4,4.5565,2.8516,
3,146.336,343.29,4.6896,3.0982,
4,146.356,344.18,4.7729,0.0957,3.2268
5,146.376,345.08,4.84,0.0958,3.3475
6,146.396,345.96,4.9981,0.0993,3.7238
7,146.416,346.84,5.0895,0.0954,4.0819
8,146.436,347.73,5.2016,0.0931,4.2031
9,146.456,348.63,5.3012,0.089,4.2951
10,146.476,349.51,5.2804,0.0848,4.3536
11,146.496,350.41,5.3191,0.0835,4.4283
12,146.516,351.3,5.3563,0.0827,4.4906
13,146.536,352.19,5.3539,0.086,4.4884
14,146.556,353.08,5.3752,0.0812,4.5209
15,146.576,353.98,5.3827,0.0808,4.5361
16,146.596,354.87,5.3602,0.0812,4.578
17,146.616,355.76,5.3823,0.0804,4.5917
18,146.636,356.66,5.4559,0.0806,4.6613
19,146.656,357.56,5.5358,0.0779,4.7376
20,146.676,358.44,5.3701,0.0786,4.6695
21,146.696,359.34,5.4118,0.0796,4.4928
22,146.716,360.23,5.533,0.0775,4.7332
23,146.736,361.11,5.4901,0.077,4.7426
24,146.756,362.01,5.5632,0.0765,4.7481
25,146.776,362.9,5.5751,0.0777,4.7617
26,146.796,363.79,5.5449,0.0802,4.7129
27,146.816,364.69,5.5968,0.0804,4.7345
28,146.836,365.58,5.5603,0.0798,4.66
29,146.856,366.47,5.5039,0.0803,4.7214
30,146.876,367.36,5.5304,0.0795,4.6927
31,146.896,368.25,5.5478,0.0794,4.7202
32,146.916,369.15,5.5171,0.0795,4.6518
33,146.936,370.03,5.551,0.0796,4.6049
34,146.956,370.93,5.5334,0.0749,4.5389
35,146.976,371.81,5.4754,0.0762,4.6308
36,146.996,372.7,5.4612,0.0802,4.6384
37,147.016,373.59,5.4302,0.0818,4.5608
38,147.036,374.48,5.4298,0.0806,4.6325
39,147.056,375.37,5.5764,0.0811,4.6717
40,147.076,376.25,5.5523,0.0835,4.6893
41,147.096,377.14,5.5265,0.082,4.6172
42,147.116,378.04,5.5539,0.0844,4.5915
43,147.136,378.93,5.6214,0.0831,4.6632
44,147.156,379.82,5.5771,0.0813,4.6338
45,147.176,380.71,5.4816,0.0795,4.6333
46,147.196,381.59,5.6212,0.0799,4.625
47,147.216,382.48,5.6558,0.0816,4.7303
48,147.236,383.37,5.6038,0.0844,4.7005
49,147.256,384.26,5.6541,0.0803,4.7228
50,147.276,385.15,5.6583,0.0804,4.7178
51,147.296,386.04,5.6147,0.0786,4.7377
52,147.316,386.93,5.6392,0.0772,4.7546
53,147.336,387.82,5.6742,0.0751,4.7059
54,147.356,388.71,5.6463,0.077,4.702
55,147.376,389.6,5.5429,0.0795,4.5383
56,147.396,390.5,5.5468,0.0772,4.5659
57,147.416,391.38,5.5974,0.0816,4.6511
58,147.436,392.27,5.572,0.0819,4.6605
59,147.456,393.16,5.566,0.0793,4.6796
60,147.476,394.04,5.5299,0.0791,4.5909
61,147.496,394.94,5.6142,0.0839,4.673
62,147.516,395.83,5.5346,0.0803,4.5885
63,147.536,396.71,5.5063,0.0773,4.5499
64,147.556,397.6,5.5438,0.0784,4.5693
65,147.576,398.49,5.6537,0.0829,4.5985
66,147.596,399.39,5.6037,0.0824,4.6061
67,147.616,400.27,5.5966,0.0811,4.6634
68,147.636,401.16,5.6179,0.0801,4.6031
69,147.656,402.05,5.7252,0.0825,4.6019
70,147.676,402.94,5.7116,0.0856,4.5568
71,147.696,403.84,5.6211,0.081,4.5448
72,147.716,404.73,5.5748,0.0799,4.5018
73,147.736,405.61,5.577,0.081,4.5691
74,147.756,406.5,5.5741,0.0806,4.5561
75,147.776,407.39,5.5209,0.0837,4.5926
76,147.796,408.28,5.6282,0.0857,4.6543
77,147.816,409.17,5.7286,0.0847,4.6963
78,147.836,410.06,5.7582,0.0873,4.6175
79,147.856,410.95,5.6286,0.0846,4.5342
80,147.876,411.84,5.5181,0.0804,4.611
81,147.896,412.73,5.4908,0.083,4.6069
82,147.916,413.62,5.5325,0.0787,4.609
83,147.936,414.51,5.494,0.0802,4.6044
84,147.956,415.4,5.5323,0.0779,4.5223
85,147.976,416.29,5.598,0.0765,4.6427
86,147.996,417.18,5.6308,0.076,4.6462
87,148.016,418.06,5.6486,0.0757,4.6577
88,148.036,418.95,5.6298,0.079,4.5663
89,148.056,419.84,5.5694,0.0817,4.4409
90,148.076,420.73,5.7152,0.0855,4.4359
91,148.096,421.62,5.7523,0.086,4.6932
92,148.116,422.52,5.7456,0.0888,4.671
93,148.136,423.4,5.6782,0.0856,4.6686
94,148.156,424.29,5.5763,0.0859,4.6052
95,148.176,425.18,5.5748,0.0866,4.657
96,148.196,426.08,5.5951,0.0864,4.6654
97,148.216,426.96,5.6312,0.0873,4.6826
98,148.236,427.85,5.6905,0.0879,4.5775
99,148.256,428.74,5.7235,0.0876,4.6121
100,148.276,429.62,5.6767,0.089,4.5401
101,148.296,430.52,5.7036,0.0899,4.598
102,148.316,431.41,5.7509,0.0899,4.6744
103,148.336,432.3,5.7443,0.0874,4.5666
104,148.356,433.19,5.7124,0.0848,4.5344
105,148.376,434.08,5.6925,0.0842,4.6088
106,148.396,434.98,5.7407,0.0832,4.6064
107,148.416,435.86,5.7674,0.0821,4.6461
108,148.436,436.75,5.7381,0.0837,4.6557
109,148.456,437.65,5.6591,0.0793,4.6685
110,148.476,438.53,5.5983,0.0856,4.618
111,148.496,439.43,5.555,0.0814,4.6476
112,148.516,440.33,5.5869,0.0796,4.7064
113,148.536,441.22,5.5843,0.0789,4.7156
114,148.556,442.11,5.6089,0.0837,4.6432
115,148.576,443.01,5.6261,0.0806,4.5952
116,148.596,443.9,5.5363,0.0811,4.5903
117,148.616,444.8,5.4874,0.0835,4.5426
118,148.636,445.69,5.5103,0.0829,4.5668
119,148.656,446.59,5.5334,0.0792,4.5809
120,148.676,447.48,5.5792,0.0772,4.5479
121,148.696,448.38,5.636,0.0804,4.5732
122,148.716,449.27,5.662,0.0806,4.5817
123,148.736,450.16,5.6436,0.0782,4.6188
124,148.756,451.05,5.5812,0.0783,4.5946
125,148.776,451.94,5.6168,0.079,4.597
126,148.796,452.83,5.5548,0.082,4.6112
127,148.816,453.72,5.5263,0.0814,4.5876
128,148.836,454.61,5.5282,0.081,4.5542
129,148.856,455.5,5.5569,0.0783,4.5451
130,148.876,456.39,5.6735,0.0799,4.5229
131,148.896,457.29,5.7414,0.0822,4.6305
132,148.916,458.18,5.7679,4.584,
133,148.936,459.06,5.6685,4.4985,
134,148.956,459.95,5.6381,4.6028,
135,148.976,460.85,5.6145,4.5295,
136,148.996,461.73,5.6053,4.5056,
1,149.297,356.5,4.7354,,
2,149.317,357.39,5.2272,3.3171,
3,149.337,358.28,6.6904,3.4109,
4,149.357,359.18,9.186,0.2779,2.4493
5,149.377,360.08,9.5687,0.3355,2.0349
6,149.397,360.97,8.5881,0.3615,2.3159
7,149.417,361.87,8.4489,0.3544,2.9567
8,149.437,362.76,7.3957,0.2955,2.2688
9,149.457,363.66,5.8049,0.2367,3.1876
10,149.477,364.55,5.5084,0.2244,3.7708
11,149.497,365.45,5.985,0.1761,3.8898
12,149.517,366.35,5.8561,0.1827,3.9533
13,149.537,367.24,6.8027,0.1962,4.1017
14,149.557,368.14,7.8904,0.2022,3.2193
15,149.577,369.04,6.421,0.1819,3.7592
16,149.597,369.93,5.5368,0.1911,4.3408
17,149.617,370.83,5.5261,0.1482,4.4127
18,149.637,371.72,5.6203,0.0841,4.4144
19,149.657,372.62,5.6441,0.0812,4.4785
20,149.677,373.52,5.4907,0.0802,4.4997
21,149.697,374.42,5.5556,0.079,4.4958
22,149.717,375.31,5.5633,0.0865,4.5984
23,149.737,376.2,5.7262,0.0938,4.6737
24,149.757,377.09,5.9341,0.0955,4.7662
25,149.777,377.99,6.1933,0.1003,4.7502
26,149.797,378.87,6.0453,0.1019,4.6847
27,149.817,379.76,5.8483,0.1025,4.6951
28,149.837,380.65,5.7833,0.1074,4.7203
29,149.857,381.54,5.8064,0.0861,4.6966
30,149.877,382.45,5.8577,0.0817,4.7417
31,149.897,383.36,5.9015,0.0794,4.7359
32,149.917,384.27,6.0101,0.0867,4.7643
33,149.937,385.18,6.2703,0.1119,4.7505
34,149.957,386.11,8.1331,0.1436,4.9569
35,149.977,387.33,17.3643,0.1638,4.0976
36,149.997,389.28,22.4739,0.1846,1.159
37,150.017,390.92,22.7349,0.2084,1.0178
38,150.037,392.62,23.7645,0.228,1.2629
39,150.057,394.4,25.7637,0.2157,1.3495
40,150.077,395.68,26.78,0.1885,1.2759
41,150.097,396.75,27.3563,0.1839,1.0952
42,150.117,397.72,27.8,0.1749,0.998
43,150.137,398.66,27.4141,0.1953,1.0401
44,150.157,399.59,26.0581,0.2446,1.1473
45,150.177,400.5,22.814,0.3037,1.0857
46,150.197,401.42,21.6418,0.357,1.1341
47,150.217,402.34,21.5854,0.4172,1.3818
48,150.237,403.26,20.7415,0.4237,1.4589
49,150.257,404.19,19.9539,0.3988,1.5713
50,150.277,405.1,18.1144,0.3647,1.7746
51,150.297,406.02,17.6644,0.3141,1.554
52,150.317,406.98,22.4058,0.2704,1.9493
53,150.337,408.29,27.788,0.2868,1.4202
54,150.357,409.55,28.4878,0.3102,1.2025
55,150.377,410.55,26.2416,0.2722,1.2025
56,150.397,411.47,21.6074,0.2944,1.2286
57,150.417,412.39,17.2689,0.3475,1.4698
58,150.437,413.3,14.9062,0.3151,2.4178
59,150.457,414.21,13.8323,0.3047,2.8222
60,150.477,415.12,14.8896,0.2897,1.7579
61,150.497,416.04,17.609,0.2679,1.9162
62,150.517,416.97,21.4587,0.2955,1.3484
63,150.537,417.91,22.7894,0.2688,1.1263
64,150.557,418.85,23.3089,0.2443,1.2069
65,150.577,419.79,24.0103,0.2162,1.5455
66,150.597,420.89,26.6747,0.1981,1.4887
67,150.617,422.59,31.1279,0.1655,1.5591
68,150.637,424.14,31.6815,0.1909,1.2964
69,150.657,425.23,30.633,0.2507,1.3178
70,150.677,426.19,28.4118,0.2936,1.3028
71,150.697,427.12,26.2298,0.2794,1.5194
72,150.717,428.03,23.7619,0.2945,1.6078
73,150.737,428.97,22.8463,0.2799,2.0039
74,150.757,429.94,25.2817,0.2299,2.3443
75,150.777,431.11,28.2682,0.221,1.6512
76,150.797,432.47,30.2703,0.1745,1.5194
77,150.817,433.75,31.0011,0.1291,1.5214
78,150.837,434.88,31.2016,0.1889,1.5219
79,150.857,435.91,30.4529,0.3002,1.5999
80,150.877,436.88,29.3471,0.3039,1.5385
81,150.897,437.81,27.1347,0.268,1.5692
82,150.917,438.73,24.4029,0.2423,1.7063
83,150.937,439.66,21.9813,0.2153,1.9676
84,150.957,440.63,24.8995,0.2386,2.163
85,150.977,441.67,28.9389,0.2625,1.4948
86,150.997,442.64,28.844,0.2365,1.1806
87,151.017,443.57,26.8327,0.2342,1.1189
88,151.037,444.48,23.1366,0.2981,1.1051
89,151.057,445.4,21.5629,0.4546,1.3955
90,151.077,446.32,22.8293,0.4773,1.7122
91,151.097,447.24,19.8311,0.4249,1.6708
92,151.117,448.15,14.4487,0.3695,1.3659
93,151.137,449.04,11.3772,0.3121,1.6838
94,151.157,449.94,10.4042,0.272,2.3986
95,151.177,450.86,15.7244,0.22,3.0429
96,151.197,451.87,25.5435,0.1585,2.4211
97,151.217,453.2,31.094,0.1163,1.5076
98,151.237,454.52,31.8623,0.1197,1.4603
99,151.257,455.69,31.5447,0.1074,1.5084
100,151.277,456.71,30.9742,0.1066,1.5094
101,151.297,457.65,29.5064,0.163,1.526
102,151.317,458.58,27.1659,0.2079,1.4577
103,151.337,459.51,26.9515,0.223,1.5925
104,151.357,460.43,27.7143,0.2142,1.6023
105,151.377,461.37,26.9827,0.1882,1.7723
106,151.397,462.3,26.0764,0.1814,1.6877
107,151.417,463.23,26.0261,0.195,1.6078
108,151.437,464.16,24.98,0.194,1.4744
109,151.457,465.07,22.2944,0.1992,1.5347
110,151.477,465.99,22.1366,0.2611,1.6927
111,151.497,466.92,25.1498,0.3857,1.6232
112,151.517,467.84,25.0191,0.4252,1.3922
113,151.537,468.75,20.2895,0.3651,1.0989
114,151.557,469.64,15.1038,0.3217,1.0517
115,151.577,470.52,11.5477,0.343,1.3477
116,151.597,471.41,8.9959,0.3332,1.6463
117,151.617,472.3,10.3902,0.2735,2.222
118,151.637,473.2,13.9888,0.1832,1.9774
119,151.657,474.11,16.5446,0.1756,1.5905
120,151.677,475.02,19.9953,0.2532,1.5029
121,151.697,475.94,20.9286,0.3115,1.2322
122,151.717,476.84,19.7478,0.32,1.0739
123,151.737,477.75,17.654,0.3237,1.0733
124,151.757,478.65,15.0037,0.3438,1.238
125,151.777,479.57,15.1226,0.3424,1.5409
126,151.797,480.49,20.1009,0.32,1.7944
127,151.817,481.42,24.8966,0.2877,1.7309
128,151.837,482.43,29.7268,0.2309,1.4763
129,151.857,483.65,32.2549,0.1711,1.3056
130,151.877,484.92,33.1262,0.1251,1.3947
131,151.897,486.0,32.74,1.3628,
132,151.917,486.98,31.5307,1.3191,
133,151.937,487.92,29.8371,1.3334,
134,151.957,488.86,28.8082,1.2051,
135,151.977,489.79,27.542,1.135,
136,151.992,490.5,26.4857,,
